Username,Followers,Following,Posts,Ratio,Score,Verdict,Why
04al46,102,5818,1,57.0,99,BOT,follows 57x more than follow it back
08_views,237,18000,0,75.9,99,BOT,follows 76x more than follow it back
1.ajdhtd,1,4245,1,4245.0,99,BOT,follows 4245x more than follow it back
237naveenmodel,7,5960,0,851.4,99,BOT,follows 851x more than follow it back
66v._vl,18,3527,0,195.9,99,BOT,follows 196x more than follow it back
74farmanmalik,14,2321,0,165.8,99,BOT,follows 166x more than follow it back
8xcx7,171,18000,0,105.3,99,BOT,follows 105x more than follow it back
_.the_krishna_tales._,12,1914,4,159.5,99,BOT,follows 160x more than follow it back
_06_kajal_,49,18000,0,367.3,99,BOT,follows 367x more than follow it back
______manak__07x,77,19000,2,246.8,99,BOT,follows 247x more than follow it back
__anamika__singh__564,5,729,1,145.8,99,BOT,follows 146x more than follow it back
__king__off__rewa___,18,5088,3,282.7,99,BOT,follows 283x more than follow it back
__knu__0424,12,9148,0,762.3,99,BOT,follows 762x more than follow it back
__mittivoy__07,39,2603,0,66.7,99,BOT,follows 67x more than follow it back
__ruqsanahh._,0,1668,0,999.0,99,BOT,follows 999x more than follow it back
__simple__girll__1234__,16,9479,1,592.4,99,BOT,follows 592x more than follow it back
_anuragdevil_77,39,14000,0,359.0,99,BOT,follows 359x more than follow it back
_avlok_590_,17,7689,0,452.3,99,BOT,follows 452x more than follow it back
_chodrii_o1,0,9339,0,999.0,99,BOT,follows 999x more than follow it back
_comedy_cilep_1k_,26,2915,3,112.1,99,BOT,follows 112x more than follow it back
_cutie_ranuu__,32,3786,0,118.3,99,BOT,follows 118x more than follow it back
_lill.strrr_8,45,6295,0,139.9,99,BOT,follows 140x more than follow it back
_official_toxic_03,6,3244,0,540.7,99,BOT,follows 541x more than follow it back
_patel_7m_,10,3011,0,301.1,99,BOT,follows 301x more than follow it back
_promopartner_,7,1183,1,169.0,99,BOT,follows 169x more than follow it back
_riz_xtar__26,13,873,0,67.2,99,BOT,follows 67x more than follow it back
_thats_navin08,33,5540,0,167.9,99,BOT,follows 168x more than follow it back
_yashika_145,107,20000,0,186.9,99,BOT,follows 187x more than follow it back
a06929113,19,3715,0,195.5,99,BOT,follows 196x more than follow it back
aadi70711,7,5224,0,746.3,99,BOT,follows 746x more than follow it back
aaditya_______83,14,5014,1,358.1,99,BOT,follows 358x more than follow it back
aalukhaoge43,10,3807,0,380.7,99,BOT,follows 381x more than follow it back
aanand0002025,23,9542,0,414.9,99,BOT,follows 415x more than follow it back
aanmoldahiya427,12,1809,1,150.8,99,BOT,follows 151x more than follow it back
aanukhan___45,41,7332,0,178.8,99,BOT,follows 179x more than follow it back
aarushsatpute5,29,9802,0,338.0,99,BOT,follows 338x more than follow it back
aasa.as000,22,7607,0,345.8,99,BOT,follows 346x more than follow it back
abc53.63,7,1165,0,166.4,99,BOT,follows 166x more than follow it back
abcd.88643,8,1786,0,223.2,99,BOT,follows 223x more than follow it back
abdo.abdo._22,22,1942,0,88.3,99,BOT,follows 88x more than follow it back
abhisheksharmi_4,3,1219,0,406.3,99,BOT,follows 406x more than follow it back
abramkhan388,2,454,1,227.0,99,BOT,follows 227x more than follow it back
adil7864720,15,7288,0,485.9,99,BOT,follows 486x more than follow it back
adiuty2026,2,502,0,251.0,99,BOT,follows 251x more than follow it back
ae_goloo,7,1761,1,251.6,99,BOT,follows 252x more than follow it back
afgghgf.6433,14,3199,1,228.5,99,BOT,follows 228x more than follow it back
ahad929221,1,332,0,332.0,99,BOT,follows 332x more than follow it back
ahmad4042026,7,1253,4,179.0,99,BOT,follows 179x more than follow it back
aizen21011,0,1293,0,999.0,99,BOT,follows 999x more than follow it back
ajay06292,14,4109,0,293.5,99,BOT,follows 294x more than follow it back
ajay_12333x,6,1175,1,195.8,99,BOT,follows 196x more than follow it back
ak58_920,3,975,0,325.0,99,BOT,follows 325x more than follow it back
akl.008,0,168,0,999.0,99,BOT,follows 999x more than follow it back
akra28713,9,2986,0,331.8,99,BOT,follows 332x more than follow it back
alhwatkfahalhyatkfah,12,3035,0,252.9,99,BOT,follows 253x more than follow it back
ali.shah.753,34,13000,25,382.4,99,BOT,follows 382x more than follow it back
alligator.33962218,0,7336,0,999.0,99,BOT,follows 999x more than follow it back
alligator.3772500,4,1614,0,403.5,99,BOT,follows 404x more than follow it back
alligator.5068019,53,16000,0,301.9,99,BOT,follows 302x more than follow it back
alligator.7143548,3,3326,0,1108.7,99,BOT,follows 1109x more than follow it back
alligator.8810966,11,4861,0,441.9,99,BOT,follows 442x more than follow it back
aman_preet5809,15,5624,6,374.9,99,BOT,follows 375x more than follow it back
ami.io8,5,2277,1,455.4,99,BOT,follows 455x more than follow it back
amrit26504,5,2076,0,415.2,99,BOT,follows 415x more than follow it back
amtxx7,56,7715,0,137.8,99,BOT,follows 138x more than follow it back
anaiah1751,5,982,0,196.4,99,BOT,follows 196x more than follow it back
anandanandanandanand123,4,2268,0,567.0,99,BOT,follows 567x more than follow it back
anandkumarsinghji01,5,1229,6,245.8,99,BOT,follows 246x more than follow it back
anash_saifi7865,5,1744,0,348.8,99,BOT,follows 349x more than follow it back
anish0099912,3,3139,0,1046.3,99,BOT,follows 1046x more than follow it back
anja.li129226,32,11000,0,343.8,99,BOT,follows 344x more than follow it back
ankit_gunda_jii,23,2354,0,102.3,99,BOT,follows 102x more than follow it back
ans70581,13,7803,0,600.2,99,BOT,follows 600x more than follow it back
ansh.yadv.8198,6,1277,1,212.8,99,BOT,follows 213x more than follow it back
ansh192732,26,8621,0,331.6,99,BOT,follows 332x more than follow it back
ark10382,27,5372,0,199.0,99,BOT,follows 199x more than follow it back
armadillo.1665955,10,2221,0,222.1,99,BOT,follows 222x more than follow it back
armadillo.1695575,6,1068,5,178.0,99,BOT,follows 178x more than follow it back
armadillo.24966198,36,10000,1,277.8,99,BOT,follows 278x more than follow it back
armadillo.6308178t,3,2765,0,921.7,99,BOT,follows 922x more than follow it back
armadillo.7351414,4,1080,0,270.0,99,BOT,follows 270x more than follow it back
arman282911,4,997,0,249.2,99,BOT,follows 249x more than follow it back
arman_beawar_414,2,3788,0,1894.0,99,BOT,follows 1894x more than follow it back
aro.338p,4,2300,1,575.0,99,BOT,follows 575x more than follow it back
artificial_renovation,64,18000,6,281.2,99,BOT,follows 281x more than follow it back
artist.bno,13,2428,0,186.8,99,BOT,follows 187x more than follow it back
arun_kashyap0011111,11,4445,9,404.1,99,BOT,follows 404x more than follow it back
arushi_2o,246,16000,1,65.0,99,BOT,follows 65x more than follow it back
arzanali5070,48,20000,0,416.7,99,BOT,follows 417x more than follow it back
asd_f5911,7,2931,0,418.7,99,BOT,follows 419x more than follow it back
asfakgolden3302,0,4577,0,999.0,99,BOT,follows 999x more than follow it back
asifkhan73759,9,3817,0,424.1,99,BOT,follows 424x more than follow it back
asish.459,11,4791,1,435.5,99,BOT,follows 436x more than follow it back
assa.m618,5,1102,1,220.4,99,BOT,follows 220x more than follow it back
attitude_____king_____555,0,5664,0,999.0,99,BOT,follows 999x more than follow it back
avniyadav5027,21,5061,3,241.0,99,BOT,follows 241x more than follow it back
awmking_o22,4,289,0,72.2,99,BOT,follows 72x more than follow it back
azzzzx1_,47,12000,0,255.3,99,BOT,follows 255x more than follow it back
b_9545_,46,13000,8,282.6,99,BOT,follows 283x more than follow it back
baby009806,3,755,0,251.7,99,BOT,follows 252x more than follow it back
bad_bro__001,10,2844,0,284.4,99,BOT,follows 284x more than follow it back
bad_girl_shizuka__08,95,8454,2,89.0,99,BOT,follows 89x more than follow it back
badger.60610248,16,8148,0,509.2,99,BOT,follows 509x more than follow it back
badu_ak,4,1271,0,317.8,99,BOT,follows 318x more than follow it back
bala.ala0000,24,8031,10,334.6,99,BOT,follows 335x more than follow it back
banna71206,1,272,0,272.0,99,BOT,follows 272x more than follow it back
banta.rapper1,15,1967,2,131.1,99,BOT,follows 131x more than follow it back
bat.2505495,1,992,0,992.0,99,BOT,follows 992x more than follow it back
bat.2542315,5,1576,2,315.2,99,BOT,follows 315x more than follow it back
bat.5993058,6,1588,0,264.7,99,BOT,follows 265x more than follow it back
bat.60445897,4,4277,0,1069.2,99,BOT,follows 1069x more than follow it back
bat.8689293,43,15000,1,348.8,99,BOT,follows 349x more than follow it back
bat.super12,4,2034,0,508.5,99,BOT,follows 508x more than follow it back
bay.13004,11,2115,0,192.3,99,BOT,follows 192x more than follow it back
bby__302__376,22,10000,0,454.5,99,BOT,follows 455x more than follow it back
bear.1308670,24,8199,0,341.6,99,BOT,follows 342x more than follow it back
bear.5240703,31,17000,0,548.4,99,BOT,follows 548x more than follow it back
bear.5987054,13,3337,0,256.7,99,BOT,follows 257x more than follow it back
bear.6377726,32,12000,0,375.0,99,BOT,follows 375x more than follow it back
bear.7225226,6,3271,6,545.2,99,BOT,follows 545x more than follow it back
bear.93972781,8,2732,0,341.5,99,BOT,follows 342x more than follow it back
bear_992272,23,11000,0,478.3,99,BOT,follows 478x more than follow it back
being_sultan.2317,0,9452,1,999.0,99,BOT,follows 999x more than follow it back
betttuuu_tumin_09,132,9339,2,70.8,99,BOT,follows 71x more than follow it back
bhabani______12,13,2167,0,166.7,99,BOT,follows 167x more than follow it back
bhagat_birji_ka,32,5959,0,186.2,99,BOT,follows 186x more than follow it back
bhai__chara__on_tap__,22,1125,1,51.1,99,BOT,follows 51x more than follow it back
bhar.tunkar,2,1161,0,580.5,99,BOT,follows 580x more than follow it back
bhatti_4_u_976,10,2098,0,209.8,99,BOT,follows 210x more than follow it back
bhavesh35725,0,3388,0,999.0,99,BOT,follows 999x more than follow it back
bhimrao2510,112,14000,0,125.0,99,BOT,follows 125x more than follow it back
bhumi_kanp,6,1346,0,224.3,99,BOT,follows 224x more than follow it back
bishnoi__6121,260,16000,3,61.5,99,BOT,follows 62x more than follow it back
bittu________kittu______,2,3418,2,1709.0,99,BOT,follows 1709x more than follow it back
bjkhjkjj,49,13000,0,265.3,99,BOT,follows 265x more than follow it back
bon27689,39,17000,1,435.9,99,BOT,follows 436x more than follow it back
boss_231312_,32,14000,0,437.5,99,BOT,follows 438x more than follow it back
boxe.r7619,10,2799,1,279.9,99,BOT,follows 280x more than follow it back
boy204214,37,8524,0,230.4,99,BOT,follows 230x more than follow it back
bsbb759,0,267,1,999.0,99,BOT,follows 999x more than follow it back
bundela6858,15,1680,23,112.0,99,BOT,follows 112x more than follow it back
camel.24263235,4,858,0,214.5,99,BOT,follows 214x more than follow it back
camel.7659830,44,13000,0,295.5,99,BOT,follows 295x more than follow it back
camel.91650307,43,17000,0,395.3,99,BOT,follows 395x more than follow it back
carljsbzkhzb,69,28000,0,405.8,99,BOT,follows 406x more than follow it back
cbxid4,0,1839,0,999.0,99,BOT,follows 999x more than follow it back
cg_king_bro___,100,5149,36,51.5,99,BOT,follows 51x more than follow it back
chaitanya221212,37,18000,0,486.5,99,BOT,follows 486x more than follow it back
chajdneku,7,3189,3,455.6,99,BOT,follows 456x more than follow it back
chameleon.75085726,7,4725,0,675.0,99,BOT,follows 675x more than follow it back
chameleon.8944504,6,1592,4,265.3,99,BOT,follows 265x more than follow it back
chauhanpawan57432025,13,4285,0,329.6,99,BOT,follows 330x more than follow it back
cheema974400,8,1410,0,176.2,99,BOT,follows 176x more than follow it back
cheetah.19188774,0,3223,0,999.0,99,BOT,follows 999x more than follow it back
cheetah.2031803,9,3396,0,377.3,99,BOT,follows 377x more than follow it back
cheetah.53803780,4,2279,0,569.8,99,BOT,follows 570x more than follow it back
cheetah.67407993,12,4149,0,345.8,99,BOT,follows 346x more than follow it back
cheetah123815,6,3192,0,532.0,99,BOT,follows 532x more than follow it back
chhora982776,55,21000,0,381.8,99,BOT,follows 382x more than follow it back
chiku000282,0,6218,0,999.0,99,BOT,follows 999x more than follow it back
chipmunk.2871604,11,6245,0,567.7,99,BOT,follows 568x more than follow it back
chipmunk.3693136,26,8036,0,309.1,99,BOT,follows 309x more than follow it back
chipmunk.6688892,40,14000,1,350.0,99,BOT,follows 350x more than follow it back
chipmunk.7664359,14,5513,1,393.8,99,BOT,follows 394x more than follow it back
chipmunk.82751638,5,1037,0,207.4,99,BOT,follows 207x more than follow it back
chmohid23012026,0,191,0,999.0,99,BOT,follows 999x more than follow it back
chumma1394,7,2779,0,397.0,99,BOT,follows 397x more than follow it back
clipcastcreations,17,11000,10,647.1,99,BOT,follows 647x more than follow it back
cock.roachkimkc,23,9286,0,403.7,99,BOT,follows 404x more than follow it back
cockrochjqnta_party,13,2679,3,206.1,99,BOT,follows 206x more than follow it back
comedyhub299,3,1523,12,507.7,99,BOT,follows 508x more than follow it back
cp12530,10,3360,0,336.0,99,BOT,follows 336x more than follow it back
crab.2689268,13,5983,0,460.2,99,BOT,follows 460x more than follow it back
crab.30097700,15,5968,0,397.9,99,BOT,follows 398x more than follow it back
crab.3292150,0,3212,0,999.0,99,BOT,follows 999x more than follow it back
crab.360277uu,16,6763,0,422.7,99,BOT,follows 423x more than follow it back
crab.4888314,7,3098,0,442.6,99,BOT,follows 443x more than follow it back
crab.85031531,3,205,0,68.3,99,BOT,follows 68x more than follow it back
crea.tor8147,28,4730,1,168.9,99,BOT,follows 169x more than follow it back
crocodile8307,6,2311,0,385.2,99,BOT,follows 385x more than follow it back
cute_girl9014622,6,1002,0,167.0,99,BOT,follows 167x more than follow it back
cycy_bella12,18,1503,2,83.5,99,BOT,follows 84x more than follow it back
dabhi_1818_,2,3523,0,1761.5,99,BOT,follows 1762x more than follow it back
dad._0006,16,3377,0,211.1,99,BOT,follows 211x more than follow it back
dadaso6937,0,314,0,999.0,99,BOT,follows 999x more than follow it back
dailyvideos7377,4,828,3,207.0,99,BOT,follows 207x more than follow it back
danger__.17,19,9048,4,476.2,99,BOT,follows 476x more than follow it back
dark445052,6,1217,0,202.8,99,BOT,follows 203x more than follow it back
darkcreator85,27,12000,10,444.4,99,BOT,follows 444x more than follow it back
daviljoker1,34,15000,14,441.2,99,BOT,follows 441x more than follow it back
deadsmoker0990_,0,968,0,999.0,99,BOT,follows 999x more than follow it back
deer.3000_,25,8158,0,326.3,99,BOT,follows 326x more than follow it back
deer.43323271,31,10000,0,322.6,99,BOT,follows 323x more than follow it back
deer.5693111,8,1984,0,248.0,99,BOT,follows 248x more than follow it back
deer.7568640,4,526,0,131.5,99,BOT,follows 132x more than follow it back
deer.7633788,7,3703,0,529.0,99,BOT,follows 529x more than follow it back
deer_305848,10,4335,0,433.5,99,BOT,follows 434x more than follow it back
demtrixmotivations14,11,6877,0,625.2,99,BOT,follows 625x more than follow it back
depak.dwi78,6,2773,1,462.2,99,BOT,follows 462x more than follow it back
dilli87302,5,1082,0,216.4,99,BOT,follows 216x more than follow it back
dillo.723,3,2678,1,892.7,99,BOT,follows 893x more than follow it back
dinosaur.1637125,6,1468,0,244.7,99,BOT,follows 245x more than follow it back
dinosaur.2305794,9,5022,1,558.0,99,BOT,follows 558x more than follow it back
dinosaur.2391598,35,9494,0,271.3,99,BOT,follows 271x more than follow it back
dinosaur.3685347,96,6777,0,70.6,99,BOT,follows 71x more than follow it back
dinosaur.4590799,0,3617,0,999.0,99,BOT,follows 999x more than follow it back
djjoker.10,9,2553,0,283.7,99,BOT,follows 284x more than follow it back
djkrish.90,0,213,0,999.0,99,BOT,follows 999x more than follow it back
dolph_in5384711,14,5701,0,407.2,99,BOT,follows 407x more than follow it back
dolphin.67524368,12,5526,0,460.5,99,BOT,follows 460x more than follow it back
dolphin.7467100,61,16000,0,262.3,99,BOT,follows 262x more than follow it back
dolphin14096,8,826,0,103.2,99,BOT,follows 103x more than follow it back
don40366,21,5019,0,239.0,99,BOT,follows 239x more than follow it back
don___aman___302,21,3398,0,161.8,99,BOT,follows 162x more than follow it back
dorimon.9090,18,5643,0,313.5,99,BOT,follows 314x more than follow it back
dosa.6777,4,1465,0,366.2,99,BOT,follows 366x more than follow it back
douae.idrissi.1,4,12000,0,3000.0,99,BOT,follows 3000x more than follow it back
drago.n8278,8,4341,0,542.6,99,BOT,follows 543x more than follow it back
dragon.2961366,7,2869,0,409.9,99,BOT,follows 410x more than follow it back
dragon.33360599,12,4799,0,399.9,99,BOT,follows 400x more than follow it back
dragon.5353293,33,8877,0,269.0,99,BOT,follows 269x more than follow it back
dragon.78972574,5,3705,0,741.0,99,BOT,follows 741x more than follow it back
dragon.85892610,4,2224,1,556.0,99,BOT,follows 556x more than follow it back
dubbjx,1,706,1,706.0,99,BOT,follows 706x more than follow it back
duck.3456157,0,310,2,999.0,99,BOT,follows 999x more than follow it back
duck.4138319,38,13000,0,342.1,99,BOT,follows 342x more than follow it back
duck.49181321,9,4747,2,527.4,99,BOT,follows 527x more than follow it back
duck.8410361,11,1457,0,132.5,99,BOT,follows 132x more than follow it back
duke.50505040,22,6385,7,290.2,99,BOT,follows 290x more than follow it back
dummyacc211,4,1776,0,444.0,99,BOT,follows 444x more than follow it back
duwdhddjfk,6,2724,2,454.0,99,BOT,follows 454x more than follow it back
ek_villain_.44,89,27000,0,303.4,99,BOT,follows 303x more than follow it back
elephant.334055,28,12000,1,428.6,99,BOT,follows 429x more than follow it back
elephant.4586886,30,14000,0,466.7,99,BOT,follows 467x more than follow it back
elephant.54839499,21,8671,0,412.9,99,BOT,follows 413x more than follow it back
elephant.79325181,21,7095,0,337.9,99,BOT,follows 338x more than follow it back
elk.6342237,0,1865,0,999.0,99,BOT,follows 999x more than follow it back
elk.7145035,29,8133,0,280.4,99,BOT,follows 280x more than follow it back
elk.87002827,0,6798,0,999.0,99,BOT,follows 999x more than follow it back
eosll12,4,1337,0,334.2,99,BOT,follows 334x more than follow it back
eoud_u,34,6418,0,188.8,99,BOT,follows 189x more than follow it back
eraa91022,96,6801,0,70.8,99,BOT,follows 71x more than follow it back
eryy_wu,0,33000,0,999.0,99,BOT,follows 999x more than follow it back
exotic_970,158,20000,0,126.6,99,BOT,follows 127x more than follow it back
f_khan_0811,24,5038,0,209.9,99,BOT,follows 210x more than follow it back
fake_id_100w,0,9758,0,999.0,99,BOT,follows 999x more than follow it back
fameview999,16,7720,0,482.5,99,BOT,follows 482x more than follow it back
fameview9999,17,7807,0,459.2,99,BOT,follows 459x more than follow it back
feelings_ashu143,0,1356,0,999.0,99,BOT,follows 999x more than follow it back
ff_boy_freestyle,14,1023,2,73.1,99,BOT,follows 73x more than follow it back
fllowares_like_comment_shar,31,6912,1,223.0,99,BOT,follows 223x more than follow it back
flstrcckmillionaires,0,188,6,999.0,99,BOT,follows 999x more than follow it back
freef_irelover263,33,7856,0,238.1,99,BOT,follows 238x more than follow it back
freefire738518,14,4546,0,324.7,99,BOT,follows 325x more than follow it back
gaa26749,15,6442,0,429.5,99,BOT,follows 429x more than follow it back
gargiiibrah,6,2096,0,349.3,99,BOT,follows 349x more than follow it back
gazelle.5940655,17,5655,1,332.6,99,BOT,follows 333x more than follow it back
gecko.11208270,6,1604,0,267.3,99,BOT,follows 267x more than follow it back
gecko.1872926,16,4273,0,267.1,99,BOT,follows 267x more than follow it back
gecko.2.2.2.2,7,1480,0,211.4,99,BOT,follows 211x more than follow it back
gecko.4108048,15,7951,1,530.1,99,BOT,follows 530x more than follow it back
gecko.80094809,12,3298,0,274.8,99,BOT,follows 275x more than follow it back
gecko.8409047,39,13000,14,333.3,99,BOT,follows 333x more than follow it back
gecku67,6,1097,3,182.8,99,BOT,follows 183x more than follow it back
gehraaiyaan_02,1,3577,0,3577.0,99,BOT,follows 3577x more than follow it back
gentama62,16,3711,1,231.9,99,BOT,follows 232x more than follow it back
ghoij2026,23,7083,0,308.0,99,BOT,follows 308x more than follow it back
ghul.e4762,4,1837,0,459.2,99,BOT,follows 459x more than follow it back
gi__ashu_,16,5342,0,333.9,99,BOT,follows 334x more than follow it back
gile_124_,1,1206,0,1206.0,99,BOT,follows 1206x more than follow it back
giraffe.1336882,27,8740,0,323.7,99,BOT,follows 324x more than follow it back
giraffe.1688568,4,1755,5,438.8,99,BOT,follows 439x more than follow it back
giraffe.2651562,20,8318,1,415.9,99,BOT,follows 416x more than follow it back
giraffe.3333285,0,1706,0,999.0,99,BOT,follows 999x more than follow it back
giraffe.74700407,24,7146,1,297.8,99,BOT,follows 298x more than follow it back
giraffe.8409216,75,12000,1,160.0,99,BOT,follows 160x more than follow it back
gjyjeg2024,6,1596,1,266.0,99,BOT,follows 266x more than follow it back
gmii37,153,13000,2,85.0,99,BOT,follows 85x more than follow it back
goat.42481613,3,1157,0,385.7,99,BOT,follows 386x more than follow it back
goat.6474941,13,7199,0,553.8,99,BOT,follows 554x more than follow it back
goat.6969884,9,3084,0,342.7,99,BOT,follows 343x more than follow it back
goat.78248664,9,1006,0,111.8,99,BOT,follows 112x more than follow it back
goat2_448,2,4054,0,2027.0,99,BOT,follows 2027x more than follow it back
gohil_gohil_55,25,12000,0,480.0,99,BOT,follows 480x more than follow it back
gohil_yvraj,21,6916,0,329.3,99,BOT,follows 329x more than follow it back
golu.98127,30,8732,0,291.1,99,BOT,follows 291x more than follow it back
goos0017,32,11000,0,343.8,99,BOT,follows 344x more than follow it back
goose.2555400,10,3685,0,368.5,99,BOT,follows 368x more than follow it back
goose.3943375,2,1085,0,542.5,99,BOT,follows 542x more than follow it back
goose.4942729,4,1336,0,334.0,99,BOT,follows 334x more than follow it back
goose.54322125,6,1456,0,242.7,99,BOT,follows 243x more than follow it back
goose.6749649,24,7252,0,302.2,99,BOT,follows 302x more than follow it back
goose.7607714,0,1515,0,999.0,99,BOT,follows 999x more than follow it back
goose_femy,20,6451,1,322.6,99,BOT,follows 323x more than follow it back
govindcomedy360,18,4510,8,250.6,99,BOT,follows 251x more than follow it back
gruchisha6_b_,0,187,6,999.0,99,BOT,follows 999x more than follow it back
guddu.sagarchadda1,15,5897,1,393.1,99,BOT,follows 393x more than follow it back
guk86530,2,2212,0,1106.0,99,BOT,follows 1106x more than follow it back
gungun__singh__000,35,3537,1,101.1,99,BOT,follows 101x more than follow it back
gurjarking4630,28,14000,0,500.0,99,BOT,follows 500x more than follow it back
guru.rajput304,7,2724,0,389.1,99,BOT,follows 389x more than follow it back
gzshh8,3,1816,0,605.3,99,BOT,follows 605x more than follow it back
haaniya___016,55,16000,0,290.9,99,BOT,follows 291x more than follow it back
hack_predication_,2,322,1,161.0,99,BOT,follows 161x more than follow it back
hamster.33157920,37,13000,0,351.4,99,BOT,follows 351x more than follow it back
hamster.6559624,197,13000,0,66.0,99,BOT,follows 66x more than follow it back
hamster.6840930,11,2616,0,237.8,99,BOT,follows 238x more than follow it back
hamster.7218110,36,7057,0,196.0,99,BOT,follows 196x more than follow it back
hamster.7393136,5,1885,0,377.0,99,BOT,follows 377x more than follow it back
hamster.9828215,20,12000,0,600.0,99,BOT,follows 600x more than follow it back
hamza_turki000,113,8877,21,78.6,99,BOT,follows 79x more than follow it back
hannicug02,1,188,6,188.0,99,BOT,follows 188x more than follow it back
hawas.ka.parinda.chotu.darinda,30,2617,0,87.2,99,BOT,follows 87x more than follow it back
hawk.1213379,0,1482,0,999.0,99,BOT,follows 999x more than follow it back
hawk.2834798,34,9398,1,276.4,99,BOT,follows 276x more than follow it back
hawk.2899791,14,6380,0,455.7,99,BOT,follows 456x more than follow it back
hawk.34611757,0,448,3,999.0,99,BOT,follows 999x more than follow it back
hawk.4514153,9,3180,0,353.3,99,BOT,follows 353x more than follow it back
hawk.7181163,3,2364,0,788.0,99,BOT,follows 788x more than follow it back
hawk.7589168,0,630,0,999.0,99,BOT,follows 999x more than follow it back
hawk_83852,10,5691,0,569.1,99,BOT,follows 569x more than follow it back
hayd.armo,2,1841,2,920.5,99,BOT,follows 920x more than follow it back
health61587,0,1187,0,999.0,99,BOT,follows 999x more than follow it back
heena_35013,6,1317,0,219.5,99,BOT,follows 220x more than follow it back
hero_alom10,6,664,0,110.7,99,BOT,follows 111x more than follow it back
hetal_parmar_0140,36,17000,2,472.2,99,BOT,follows 472x more than follow it back
heyrahul854,21,7456,0,355.0,99,BOT,follows 355x more than follow it back
hhmidchi,6,3306,0,551.0,99,BOT,follows 551x more than follow it back
himanshux925,4,1419,0,354.8,99,BOT,follows 355x more than follow it back
hitesh73735,4,2247,0,561.8,99,BOT,follows 562x more than follow it back
hoiv341,4,1552,4,388.0,99,BOT,follows 388x more than follow it back
horse.30577250,7,1897,0,271.0,99,BOT,follows 271x more than follow it back
horse.6028490,6,3046,0,507.7,99,BOT,follows 508x more than follow it back
horse.97593709,45,18000,1,400.0,99,BOT,follows 400x more than follow it back
horse_comeback,14,4831,0,345.1,99,BOT,follows 345x more than follow it back
hsr48104,4,2421,1,605.2,99,BOT,follows 605x more than follow it back
hutttukkk0,5,2696,0,539.2,99,BOT,follows 539x more than follow it back
hy_.babuu,67,8830,1,131.8,99,BOT,follows 132x more than follow it back
i_am_killer_0065,3,958,0,319.3,99,BOT,follows 319x more than follow it back
iam_mahadev_bhakt_x0007,32,7992,0,249.8,99,BOT,follows 250x more than follow it back
iam_riya_tomar_1234,0,6894,0,999.0,99,BOT,follows 999x more than follow it back
iam_shekh.07,130,8557,1,65.8,99,BOT,follows 66x more than follow it back
iamrealysorrrrry,43,10000,0,232.6,99,BOT,follows 233x more than follow it back
iguana.2099255,9,1703,0,189.2,99,BOT,follows 189x more than follow it back
iguana.4434626,0,7936,1,999.0,99,BOT,follows 999x more than follow it back
iguana.45665587,26,7850,0,301.9,99,BOT,follows 302x more than follow it back
iguana.5746077,17,2904,0,170.8,99,BOT,follows 171x more than follow it back
iguana.7237983,31,16000,1,516.1,99,BOT,follows 516x more than follow it back
iguana_969_,1,1795,0,1795.0,99,BOT,follows 1795x more than follow it back
ii.w14x8_,26,2846,0,109.5,99,BOT,follows 109x more than follow it back
im.ramesh__,0,806,0,999.0,99,BOT,follows 999x more than follow it back
is_mee_aizal_,27,5120,0,189.6,99,BOT,follows 190x more than follow it back
ishw.at34,4,1811,1,452.8,99,BOT,follows 453x more than follow it back
its_maryam074,39,6777,2,173.8,99,BOT,follows 174x more than follow it back
its_me_.aarav._c,20,2246,0,112.3,99,BOT,follows 112x more than follow it back
its_purvi_then,14,3632,0,259.4,99,BOT,follows 259x more than follow it back
its_weird_bitch,1,202,0,202.0,99,BOT,follows 202x more than follow it back
itssainigirl717,130,7980,0,61.4,99,BOT,follows 61x more than follow it back
itx_aasif_555,0,4302,1,999.0,99,BOT,follows 999x more than follow it back
itx_daizy_1329,5,3238,0,647.6,99,BOT,follows 648x more than follow it back
itz__koml__78,49,5557,0,113.4,99,BOT,follows 113x more than follow it back
itz_ashish________official,4,1111,0,277.8,99,BOT,follows 278x more than follow it back
itz_asif_4567,13,2181,0,167.8,99,BOT,follows 168x more than follow it back
itz_mahira78602,85,5486,6,64.5,99,BOT,follows 65x more than follow it back
itz_queen_ji_00,129,11000,3,85.3,99,BOT,follows 85x more than follow it back
itzpavan385,11,3046,1,276.9,99,BOT,follows 277x more than follow it back
ivex.___,5,1938,0,387.6,99,BOT,follows 388x more than follow it back
iwiw.iw555,22,4890,0,222.3,99,BOT,follows 222x more than follow it back
jaah_ubdukod,0,48,0,999.0,99,BOT,follows 999x more than follow it back
jaanu897000,104,16000,0,153.8,99,BOT,follows 154x more than follow it back
jaat60947,1,249,0,249.0,99,BOT,follows 249x more than follow it back
jai_shree_ram_7773_a,16,3271,0,204.4,99,BOT,follows 204x more than follow it back
jamu__47,5,867,0,173.4,99,BOT,follows 173x more than follow it back
janfu749,0,1437,0,999.0,99,BOT,follows 999x more than follow it back
janghel3712,40,13000,0,325.0,99,BOT,follows 325x more than follow it back
jas.meetkaur64,9,3443,0,382.6,99,BOT,follows 383x more than follow it back
jav78680,24,10000,1,416.7,99,BOT,follows 417x more than follow it back
jayeshbharwad111,36,4785,0,132.9,99,BOT,follows 133x more than follow it back
jcb0_98,7,1420,0,202.9,99,BOT,follows 203x more than follow it back
jdjdjrjrjriirir,1,234,0,234.0,99,BOT,follows 234x more than follow it back
jellyfish.1659222,0,333,0,999.0,99,BOT,follows 999x more than follow it back
jellyfish.27333333,31,10000,0,322.6,99,BOT,follows 323x more than follow it back
jellyfish.3018555,9,1797,0,199.7,99,BOT,follows 200x more than follow it back
jellyfish.4147729,9,2230,0,247.8,99,BOT,follows 248x more than follow it back
jellyfish.42385193,0,1666,0,999.0,99,BOT,follows 999x more than follow it back
jellyfish.4692772,0,640,0,999.0,99,BOT,follows 999x more than follow it back
jellyfish.4815935,1,477,0,477.0,99,BOT,follows 477x more than follow it back
jellyfish.5603344,6,2278,0,379.7,99,BOT,follows 380x more than follow it back
jellyfish.63954625,5,4192,0,838.4,99,BOT,follows 838x more than follow it back
jellyfish.84067762,6,790,3,131.7,99,BOT,follows 132x more than follow it back
jes.seee07,0,2366,0,999.0,99,BOT,follows 999x more than follow it back
jiyan_238,4,1570,1,392.5,99,BOT,follows 392x more than follow it back
jkd22_55,31,8676,0,279.9,99,BOT,follows 280x more than follow it back
josecarrasco252026,1,106,1,106.0,99,BOT,follows 106x more than follow it back
joshi_5060_,6,6445,0,1074.2,99,BOT,follows 1074x more than follow it back
joy5.6667,12,3277,0,273.1,99,BOT,follows 273x more than follow it back
jus.t021,2,739,0,369.5,99,BOT,follows 370x more than follow it back
ka40585,11,11000,0,1000.0,99,BOT,follows 1000x more than follow it back
kadakbakchod.01,22,5513,22,250.6,99,BOT,follows 251x more than follow it back
kae13293,0,5345,0,999.0,99,BOT,follows 999x more than follow it back
kaja.lpatel4348,11,2630,0,239.1,99,BOT,follows 239x more than follow it back
kajal_128547,7,21000,1,3000.0,99,BOT,follows 3000x more than follow it back
kajali7510,12,3487,0,290.6,99,BOT,follows 291x more than follow it back
kajol__khan_22,7,1236,0,176.6,99,BOT,follows 177x more than follow it back
kalakhata76,0,5975,0,999.0,99,BOT,follows 999x more than follow it back
kalo47054,3,1968,0,656.0,99,BOT,follows 656x more than follow it back
kalpna_0253,12,1324,0,110.3,99,BOT,follows 110x more than follow it back
kamuu123410,0,661,0,999.0,99,BOT,follows 999x more than follow it back
kana_ni_yhhhhbbb,231,18000,0,77.9,99,BOT,follows 78x more than follow it back
kanahaiya2988,29,8875,0,306.0,99,BOT,follows 306x more than follow it back
kanga.roo4232,7,1188,12,169.7,99,BOT,follows 170x more than follow it back
kangaroo.11567334,32,19000,0,593.8,99,BOT,follows 594x more than follow it back
kangaroo.220921,2,2132,0,1066.0,99,BOT,follows 1066x more than follow it back
kangaroo.3369177,15,4158,0,277.2,99,BOT,follows 277x more than follow it back
kangaroo.85654830,15,8486,0,565.7,99,BOT,follows 566x more than follow it back
kangaroo_vibee,18,6486,0,360.3,99,BOT,follows 360x more than follow it back
kanha679956,6,6026,0,1004.3,99,BOT,follows 1004x more than follow it back
kannna__143__00,131,9288,0,70.9,99,BOT,follows 71x more than follow it back
kanu454573,2,1218,1,609.0,99,BOT,follows 609x more than follow it back
karankumar123305,4,4366,0,1091.5,99,BOT,follows 1092x more than follow it back
kartik145162,1,2306,0,2306.0,99,BOT,follows 2306x more than follow it back
kartikff112233,85,14000,0,164.7,99,BOT,follows 165x more than follow it back
kartikraja1234567890,54,22000,0,407.4,99,BOT,follows 407x more than follow it back
kaus.h59,13,3142,0,241.7,99,BOT,follows 242x more than follow it back
kavya072780,43,13000,0,302.3,99,BOT,follows 302x more than follow it back
kd_bhai302._,9,1943,0,215.9,99,BOT,follows 216x more than follow it back
keed.929,21,6646,0,316.5,99,BOT,follows 316x more than follow it back
khan07772565,73,3763,0,51.5,99,BOT,follows 52x more than follow it back
khantalha0101,19,6805,0,358.2,99,BOT,follows 358x more than follow it back
kifule256,7,9642,0,1377.4,99,BOT,follows 1377x more than follow it back
kikikiki.888,17,3842,0,226.0,99,BOT,follows 226x more than follow it back
kille_rop9,9,1875,0,208.3,99,BOT,follows 208x more than follow it back
king6303141,5,1004,0,200.8,99,BOT,follows 201x more than follow it back
kingkin2913,32,11000,0,343.8,99,BOT,follows 344x more than follow it back
kiran_boruda56,14,3398,9,242.7,99,BOT,follows 243x more than follow it back
kish.ouj573,1,189,6,189.0,99,BOT,follows 189x more than follow it back
kishanpatel0049,10,5831,0,583.1,99,BOT,follows 583x more than follow it back
kishuu_.3892,5,398,3,79.6,99,BOT,follows 80x more than follow it back
koala.2473524,3,1425,0,475.0,99,BOT,follows 475x more than follow it back
koala.4716293,6,1000,0,166.7,99,BOT,follows 167x more than follow it back
koala.97352538,0,1121,0,999.0,99,BOT,follows 999x more than follow it back
koma49287,11,7084,2,644.0,99,BOT,follows 644x more than follow it back
kosarsayahi7147,5,1374,0,274.8,99,BOT,follows 275x more than follow it back
kotiya9151,16,4921,0,307.6,99,BOT,follows 308x more than follow it back
krishna9330507,18,8409,1,467.2,99,BOT,follows 467x more than follow it back
krishsharma59279,7,1626,0,232.3,99,BOT,follows 232x more than follow it back
kuni1234438,0,5753,0,999.0,99,BOT,follows 999x more than follow it back
kvta381,38,9304,0,244.8,99,BOT,follows 245x more than follow it back
laxmi_yadav_up_84,4,1817,0,454.2,99,BOT,follows 454x more than follow it back
legend_2667,5,658,0,131.6,99,BOT,follows 132x more than follow it back
leopard.4504502,3,529,0,176.3,99,BOT,follows 176x more than follow it back
leopard.4775112,3,2339,0,779.7,99,BOT,follows 780x more than follow it back
leopard.80967452,39,16000,0,410.3,99,BOT,follows 410x more than follow it back
leopard.8877179,3,762,0,254.0,99,BOT,follows 254x more than follow it back
leopard.9751050,3,816,0,272.0,99,BOT,follows 272x more than follow it back
lion.68817513,6,905,0,150.8,99,BOT,follows 151x more than follow it back
lion.7770636,13,2815,0,216.5,99,BOT,follows 217x more than follow it back
lion.7905298,9,4866,1,540.7,99,BOT,follows 541x more than follow it back
lion.853137,6,2408,0,401.3,99,BOT,follows 401x more than follow it back
litle4231,3,673,0,224.3,99,BOT,follows 224x more than follow it back
llama.2674393,5,8952,0,1790.4,99,BOT,follows 1790x more than follow it back
llama.3303530,16,8023,0,501.4,99,BOT,follows 501x more than follow it back
llama.6904749,13,7016,0,539.7,99,BOT,follows 540x more than follow it back
llama.81884713,0,1213,0,999.0,99,BOT,follows 999x more than follow it back
loda_chand__123,14,4225,0,301.8,99,BOT,follows 302x more than follow it back
lolopopokar,0,3295,0,999.0,99,BOT,follows 999x more than follow it back
lovelife.line65,113,15000,0,132.7,99,BOT,follows 133x more than follow it back
loveyou27403,4,915,0,228.8,99,BOT,follows 229x more than follow it back
m3s_vtisa_009,0,188,6,999.0,99,BOT,follows 999x more than follow it back
m_only_yoursss__,0,7447,0,999.0,99,BOT,follows 999x more than follow it back
maddiesocookwarss,1,186,6,186.0,99,BOT,follows 186x more than follow it back
mahadev46531,12,4820,1,401.7,99,BOT,follows 402x more than follow it back
mahakal_bhakt.315,10,1687,0,168.7,99,BOT,follows 169x more than follow it back
mahendi_videos_007,127,12000,0,94.5,99,BOT,follows 94x more than follow it back
maheshprasad6959,11,3607,1,327.9,99,BOT,follows 328x more than follow it back
mahi_luv_1503,12,3948,0,329.0,99,BOT,follows 329x more than follow it back
mahi_ur__everything,10,5707,9,570.7,99,BOT,follows 571x more than follow it back
mahmu_d1615,4,2180,0,545.0,99,BOT,follows 545x more than follow it back
malik_hussainnnn,25,10000,0,400.0,99,BOT,follows 400x more than follow it back
malik_hussainnnnn,24,8286,0,345.2,99,BOT,follows 345x more than follow it back
manas.united,3,326,2,108.7,99,BOT,follows 109x more than follow it back
mane_6646,254,17000,0,66.9,99,BOT,follows 67x more than follow it back
manu_don0007,12,4716,1,393.0,99,BOT,follows 393x more than follow it back
martinarencorett,124,7949,5,64.1,99,BOT,follows 64x more than follow it back
mayank_shohni_56,79,14000,2,177.2,99,BOT,follows 177x more than follow it back
mda7060964,38,11000,4,289.5,99,BOT,follows 289x more than follow it back
mdmuaj2010,7,452,0,64.6,99,BOT,follows 65x more than follow it back
mdsai_fsaifi,7,1342,0,191.7,99,BOT,follows 192x more than follow it back
meow34783,36,8076,0,224.3,99,BOT,follows 224x more than follow it back
milanmp22,8,7170,0,896.2,99,BOT,follows 896x more than follow it back
mis_tekam__,9,3728,0,414.2,99,BOT,follows 414x more than follow it back
miss.rani7379,77,7100,0,92.2,99,BOT,follows 92x more than follow it back
miss_payal_2013.09,9,2122,0,235.8,99,BOT,follows 236x more than follow it back
miss_riya_789.0,2,436,0,218.0,99,BOT,follows 218x more than follow it back
mmkjjjmmmk,0,561,0,999.0,99,BOT,follows 999x more than follow it back
mo63536,11,2631,0,239.2,99,BOT,follows 239x more than follow it back
moha072033,55,5978,0,108.7,99,BOT,follows 109x more than follow it back
mohan_09876.5,19,7181,0,377.9,99,BOT,follows 378x more than follow it back
monster_bro__143,30,4797,1,159.9,99,BOT,follows 160x more than follow it back
monu.79888,34,8769,0,257.9,99,BOT,follows 258x more than follow it back
monugurjar6866,10,3028,0,302.8,99,BOT,follows 303x more than follow it back
moose.32731599,1,1000,0,1000.0,99,BOT,follows 1000x more than follow it back
moose.609007,20,6577,0,328.9,99,BOT,follows 329x more than follow it back
moose.63155615,0,279,0,999.0,99,BOT,follows 999x more than follow it back
moose.65516595,1,2269,0,2269.0,99,BOT,follows 2269x more than follow it back
moose.7118106,0,354,0,999.0,99,BOT,follows 999x more than follow it back
moose.9501987,4,426,0,106.5,99,BOT,follows 106x more than follow it back
mosai219,0,355,0,999.0,99,BOT,follows 999x more than follow it back
move1415_,12,4903,0,408.6,99,BOT,follows 409x more than follow it back
mr__toxic__365,7,6941,0,991.6,99,BOT,follows 992x more than follow it back
mr_ayan_khan_066,82,4246,0,51.8,99,BOT,follows 52x more than follow it back
mr_faiz6886,47,12000,1,255.3,99,BOT,follows 255x more than follow it back
mr_sandeep_mirzapur,12,5101,0,425.1,99,BOT,follows 425x more than follow it back
mr_ss_gaming,6,2746,0,457.7,99,BOT,follows 458x more than follow it back
mrakhilesh830,8,2887,0,360.9,99,BOT,follows 361x more than follow it back
mrmangoto_,1,1510,1,1510.0,99,BOT,follows 1510x more than follow it back
mrs__thunder__queen__08,75,8070,0,107.6,99,BOT,follows 108x more than follow it back
mudhirai__pillaaaa,16,5778,0,361.1,99,BOT,follows 361x more than follow it back
muhidinucup32,41,12000,0,292.7,99,BOT,follows 293x more than follow it back
muiuiu__,0,2672,0,999.0,99,BOT,follows 999x more than follow it back
mundolindo.ao,34,11000,1,323.5,99,BOT,follows 324x more than follow it back
muneer_ansari_987,10,4679,0,467.9,99,BOT,follows 468x more than follow it back
munna103232,5,2912,0,582.4,99,BOT,follows 582x more than follow it back
mushkan_singh_1225,11,3563,0,323.9,99,BOT,follows 324x more than follow it back
must.nivkvkvuchvgh,3,3814,0,1271.3,99,BOT,follows 1271x more than follow it back
mustn_ivkvkvuchvg,11,3973,0,361.2,99,BOT,follows 361x more than follow it back
my_dream_s11_01,12,4128,1,344.0,99,BOT,follows 344x more than follow it back
my_hero_prajapati,37,8794,1,237.7,99,BOT,follows 238x more than follow it back
n_nishadraj_2023,108,7485,0,69.3,99,BOT,follows 69x more than follow it back
naf_f91,3,3030,0,1010.0,99,BOT,follows 1010x more than follow it back
nandani_kk__73,10,28000,0,2800.0,99,BOT,follows 2800x more than follow it back
nastion33333,7,1082,0,154.6,99,BOT,follows 155x more than follow it back
nataliama8tinezv786,1,185,6,185.0,99,BOT,follows 185x more than follow it back
navdeepkandiyara084,0,205,0,999.0,99,BOT,follows 999x more than follow it back
ndahiro_30,159,28000,1,176.1,99,BOT,follows 176x more than follow it back
neh28782,16,5978,0,373.6,99,BOT,follows 374x more than follow it back
neha.5709219,34,8681,5,255.3,99,BOT,follows 255x more than follow it back
neha579225,85,4768,0,56.1,99,BOT,follows 56x more than follow it back
neha94235,8,6280,0,785.0,99,BOT,follows 785x more than follow it back
nevi.7779,2,896,3,448.0,99,BOT,follows 448x more than follow it back
ninjablackblade78,1,817,0,817.0,99,BOT,follows 817x more than follow it back
nishant__king_75,17,7616,0,448.0,99,BOT,follows 448x more than follow it back
nishi__chodhary__73,17,1281,18,75.4,99,BOT,follows 75x more than follow it back
nnngggggg67,2,2758,0,1379.0,99,BOT,follows 1379x more than follow it back
nobita109111,19,6255,1,329.2,99,BOT,follows 329x more than follow it back
nopro_blem1137,10,2459,0,245.9,99,BOT,follows 246x more than follow it back
nsjsniebj,7,1072,1,153.1,99,BOT,follows 153x more than follow it back
nupurbarman585,17,8409,1,494.6,99,BOT,follows 495x more than follow it back
officevijay56,72,13000,4,180.6,99,BOT,follows 181x more than follow it back
official_adarsh_1895,30,4418,0,147.3,99,BOT,follows 147x more than follow it back
om31_0,48,16000,0,333.3,99,BOT,follows 333x more than follow it back
omkarchava2,0,2872,0,999.0,99,BOT,follows 999x more than follow it back
omkashyap2681,6,1853,0,308.8,99,BOT,follows 309x more than follow it back
oooooooo121210,15,6802,0,453.5,99,BOT,follows 453x more than follow it back
op___op_4,16,7389,0,461.8,99,BOT,follows 462x more than follow it back
opopop32451,50,22000,0,440.0,99,BOT,follows 440x more than follow it back
os4tos0ki,0,184,6,999.0,99,BOT,follows 999x more than follow it back
otter.2731768,28,9304,0,332.3,99,BOT,follows 332x more than follow it back
owl.48970403,30,10000,0,333.3,99,BOT,follows 333x more than follow it back
owl.7469077,7,1677,1,239.6,99,BOT,follows 240x more than follow it back
owl.8210769,10,2547,2,254.7,99,BOT,follows 255x more than follow it back
owl.9024591,4,446,0,111.5,99,BOT,follows 112x more than follow it back
owl.92264741,2,1055,0,527.5,99,BOT,follows 528x more than follow it back
owl.9264325,1,973,0,973.0,99,BOT,follows 973x more than follow it back
owl.9703778,4,1815,0,453.8,99,BOT,follows 454x more than follow it back
owlpou456,4,2673,0,668.2,99,BOT,follows 668x more than follow it back
paan56185,10,3352,0,335.2,99,BOT,follows 335x more than follow it back
pand.a38121,9,2175,0,241.7,99,BOT,follows 242x more than follow it back
panda.73099194,21,9112,1,433.9,99,BOT,follows 434x more than follow it back
panda.9036633,34,12000,1,352.9,99,BOT,follows 353x more than follow it back
panda97842,28,8717,0,311.3,99,BOT,follows 311x more than follow it back
panda_8187722,3,439,0,146.3,99,BOT,follows 146x more than follow it back
pandacoincollector1234,5,1160,0,232.0,99,BOT,follows 232x more than follow it back
panghal610,68,8284,1,121.8,99,BOT,follows 122x more than follow it back
panther.16077172,11,3650,0,331.8,99,BOT,follows 332x more than follow it back
panther63012,3,714,0,238.0,99,BOT,follows 238x more than follow it back
papa_aaya44,28,3758,0,134.2,99,BOT,follows 134x more than follow it back
paradox4_07,23,8433,7,366.7,99,BOT,follows 367x more than follow it back
paredes_991,2,155,0,77.5,99,BOT,follows 78x more than follow it back
patil56446,8,2191,0,273.9,99,BOT,follows 274x more than follow it back
pav.123456789,0,3100,0,999.0,99,BOT,follows 999x more than follow it back
pdnx._.harisw07,2,178,6,89.0,99,BOT,follows 89x more than follow it back
pecko.100,14,1508,0,107.7,99,BOT,follows 108x more than follow it back
penguin.1627982,9,2399,0,266.6,99,BOT,follows 267x more than follow it back
penguin.2686794,2,1693,0,846.5,99,BOT,follows 846x more than follow it back
penguin.3386287,22,6275,0,285.2,99,BOT,follows 285x more than follow it back
penguin.4277582,2,1234,0,617.0,99,BOT,follows 617x more than follow it back
penguin.6498432,0,523,0,999.0,99,BOT,follows 999x more than follow it back
pento.6870,12,2386,0,198.8,99,BOT,follows 199x more than follow it back
pih_u4381,49,11000,0,224.5,99,BOT,follows 224x more than follow it back
pikuu30_,0,302,0,999.0,99,BOT,follows 999x more than follow it back
pindujaat123,8,2408,0,301.0,99,BOT,follows 301x more than follow it back
pintu501509,6,1007,0,167.8,99,BOT,follows 168x more than follow it back
piploon391,20,5704,0,285.2,99,BOT,follows 285x more than follow it back
piyush341373,33,7660,0,232.1,99,BOT,follows 232x more than follow it back
pjrjr88,10,5710,0,571.0,99,BOT,follows 571x more than follow it back
pkrkc_k,16,5792,0,362.0,99,BOT,follows 362x more than follow it back
platypus.2941834,0,8257,0,999.0,99,BOT,follows 999x more than follow it back
platypus.4532089,9,3017,0,335.2,99,BOT,follows 335x more than follow it back
platypus.7052832,5,2555,0,511.0,99,BOT,follows 511x more than follow it back
pointsof873,4,1050,0,262.5,99,BOT,follows 262x more than follow it back
pointwala.728,6,1423,0,237.2,99,BOT,follows 237x more than follow it back
pooja2446715,11,5740,0,521.8,99,BOT,follows 522x more than follow it back
pppppppp_822,40,14000,1,350.0,99,BOT,follows 350x more than follow it back
prince_pn_008,18,1094,0,60.8,99,BOT,follows 61x more than follow it back
princerajdhakhda,0,2834,0,999.0,99,BOT,follows 999x more than follow it back
prit.om3995,16,9926,0,620.4,99,BOT,follows 620x more than follow it back
priy.anshuyyu,17,3687,0,216.9,99,BOT,follows 217x more than follow it back
priyathakur23___,35,9438,0,269.7,99,BOT,follows 270x more than follow it back
promotrap0,18,5439,0,302.2,99,BOT,follows 302x more than follow it back
prompts009,3,1358,1,452.7,99,BOT,follows 453x more than follow it back
punit.90909,48,12000,1,250.0,99,BOT,follows 250x more than follow it back
pvt_ayush_pandtt,33,2421,5,73.4,99,BOT,follows 73x more than follow it back
pvt_swxitch,70,8532,23,121.9,99,BOT,follows 122x more than follow it back
pvtfaraj,3,787,0,262.3,99,BOT,follows 262x more than follow it back
q.__pp,17,5075,0,298.5,99,BOT,follows 299x more than follow it back
qqqwe_etyy,5,1127,0,225.4,99,BOT,follows 225x more than follow it back
qu1123425,0,7706,0,999.0,99,BOT,follows 999x more than follow it back
quail.1003615,12,4224,0,352.0,99,BOT,follows 352x more than follow it back
quail.17527648,2,1265,0,632.5,99,BOT,follows 632x more than follow it back
queen__girl_32_,44,6871,36,156.2,99,BOT,follows 156x more than follow it back
queen_of_khan.01,4,7712,1,1928.0,99,BOT,follows 1928x more than follow it back
queenkingofkings,34,12000,0,352.9,99,BOT,follows 353x more than follow it back
r.dhsnuuv_,0,184,6,999.0,99,BOT,follows 999x more than follow it back
rabbit.1866840,23,9452,0,411.0,99,BOT,follows 411x more than follow it back
rabbit.5218754,5,1497,0,299.4,99,BOT,follows 299x more than follow it back
rabbit.56.2,7,1001,0,143.0,99,BOT,follows 143x more than follow it back
rabbit.6603242,0,881,0,999.0,99,BOT,follows 999x more than follow it back
rabbit.96945773,10,2821,0,282.1,99,BOT,follows 282x more than follow it back
raghav120924,16,9442,0,590.1,99,BOT,follows 590x more than follow it back
rahim19084,15,6074,0,404.9,99,BOT,follows 405x more than follow it back
rahul3762735,2,1820,0,910.0,99,BOT,follows 910x more than follow it back
raisa13366,8,1236,0,154.5,99,BOT,follows 154x more than follow it back
raj2233868,11,5849,0,531.7,99,BOT,follows 532x more than follow it back
raja1234567173,87,8518,0,97.9,99,BOT,follows 98x more than follow it back
raja_sahabu6,5,1044,0,208.8,99,BOT,follows 209x more than follow it back
rajdipanshu43,14,5919,0,422.8,99,BOT,follows 423x more than follow it back
rajp.ut16133,23,8400,0,365.2,99,BOT,follows 365x more than follow it back
rajputji0739,9,6736,0,748.4,99,BOT,follows 748x more than follow it back
rajputttttt__0,31,8537,1,275.4,99,BOT,follows 275x more than follow it back
raju.raj8062,18,5225,2,290.3,99,BOT,follows 290x more than follow it back
raju57662026,25,9380,0,375.2,99,BOT,follows 375x more than follow it back
raju7390172,8,3418,0,427.2,99,BOT,follows 427x more than follow it back
rajulala3001,16,6005,0,375.3,99,BOT,follows 375x more than follow it back
rakesh862336,0,97,0,999.0,99,BOT,follows 999x more than follow it back
ram10_3040,2,677,0,338.5,99,BOT,follows 338x more than follow it back
ram1837731,33,12000,1,363.6,99,BOT,follows 364x more than follow it back
ram2540733,56,13000,5,232.1,99,BOT,follows 232x more than follow it back
raman_singh_mahoba,33,13000,0,393.9,99,BOT,follows 394x more than follow it back
ramandeep32995,21,5682,1,270.6,99,BOT,follows 271x more than follow it back
ramayaa.8747825,3,185,0,61.7,99,BOT,follows 62x more than follow it back
rameshathod040,26,4229,0,162.7,99,BOT,follows 163x more than follow it back
ramm_yadav_06,5,3493,1,698.6,99,BOT,follows 699x more than follow it back
rana__chauhan__10k__,3,774,0,258.0,99,BOT,follows 258x more than follow it back
ranathakur5585,16,5101,0,318.8,99,BOT,follows 319x more than follow it back
rash9_13,8,3536,0,442.0,99,BOT,follows 442x more than follow it back
rathodmayu27,115,7667,0,66.7,99,BOT,follows 67x more than follow it back
raut.7746,10,3722,0,372.2,99,BOT,follows 372x more than follow it back
ravi9992508,55,18000,0,327.3,99,BOT,follows 327x more than follow it back
rdx.devil_p,74,6430,1,86.9,99,BOT,follows 87x more than follow it back
reindeer.1949915,7,2210,0,315.7,99,BOT,follows 316x more than follow it back
reindeer.3639968,3,1176,0,392.0,99,BOT,follows 392x more than follow it back
reindeer.4327315,12,5902,0,491.8,99,BOT,follows 492x more than follow it back
reindeer.5968806,3,1560,0,520.0,99,BOT,follows 520x more than follow it back
reindeer.79723606,17,8863,2,521.4,99,BOT,follows 521x more than follow it back
reindeer.9451303,20,4263,0,213.2,99,BOT,follows 213x more than follow it back
reindeer123_4,5,1162,0,232.4,99,BOT,follows 232x more than follow it back
rexiiiiideas,120,14000,0,116.7,99,BOT,follows 117x more than follow it back
rhino.5874251,1,542,0,542.0,99,BOT,follows 542x more than follow it back
rhino.6795548,7,3132,0,447.4,99,BOT,follows 447x more than follow it back
rhino.7255837,2,1129,0,564.5,99,BOT,follows 564x more than follow it back
rhino.95790040,12,5178,1,431.5,99,BOT,follows 432x more than follow it back
rhino.__________44,23,6765,0,294.1,99,BOT,follows 294x more than follow it back
rida.s5262,11,1597,0,145.2,99,BOT,follows 145x more than follow it back
rider_sp__1111,5,3745,0,749.0,99,BOT,follows 749x more than follow it back
rihan68519,6,2369,0,394.8,99,BOT,follows 395x more than follow it back
rimj2023,33,11000,1,333.3,99,BOT,follows 333x more than follow it back
rit_ikgangster,7,1459,0,208.4,99,BOT,follows 208x more than follow it back
riya_ydv_.17,5,936,1,187.2,99,BOT,follows 187x more than follow it back
riyagupta88877,6,1217,0,202.8,99,BOT,follows 203x more than follow it back
rjsave1nyer13,1,187,6,187.0,99,BOT,follows 187x more than follow it back
rockybhai11514,30,12000,0,400.0,99,BOT,follows 400x more than follow it back
rohit_____444____,10,5111,0,511.1,99,BOT,follows 511x more than follow it back
rohitkumar_it_tjk,12,2430,0,202.5,99,BOT,follows 202x more than follow it back
rolex551854,12,2664,0,222.0,99,BOT,follows 222x more than follow it back
rolexzz44,6,1718,0,286.3,99,BOT,follows 286x more than follow it back
ronak_thakur51,6,584,1,97.3,99,BOT,follows 97x more than follow it back
rubi128295,18,9213,1,511.8,99,BOT,follows 512x more than follow it back
rupesh.2228,3,822,0,274.0,99,BOT,follows 274x more than follow it back
s0000000001111111,205,11000,1,53.7,99,BOT,follows 54x more than follow it back
s__k___vikram___kolar,30,5580,8,186.0,99,BOT,follows 186x more than follow it back
s_t_a68,207,14000,1,67.6,99,BOT,follows 68x more than follow it back
sachinkumar007774444r44,59,13000,0,220.3,99,BOT,follows 220x more than follow it back
sad_boy.____001,26,7470,0,287.3,99,BOT,follows 287x more than follow it back
sad_mundapb03,15,5033,1,335.5,99,BOT,follows 336x more than follow it back
saga.r4559,0,9265,1,999.0,99,BOT,follows 999x more than follow it back
sahensha5424,12,2978,0,248.2,99,BOT,follows 248x more than follow it back
sakib_sardar_4517,12,2317,0,193.1,99,BOT,follows 193x more than follow it back
saksham___669,73,6477,0,88.7,99,BOT,follows 89x more than follow it back
sakshi_030609,11,1508,0,137.1,99,BOT,follows 137x more than follow it back
samai_ra9036,22,11000,0,500.0,99,BOT,follows 500x more than follow it back
sameer1111731,0,1268,0,999.0,99,BOT,follows 999x more than follow it back
san.kar534,9,3896,3,432.9,99,BOT,follows 433x more than follow it back
saniy_achoudhary88,41,11000,0,268.3,99,BOT,follows 268x more than follow it back
saniya__00175,47,12000,0,255.3,99,BOT,follows 255x more than follow it back
sanjukd437,21,9657,0,459.9,99,BOT,follows 460x more than follow it back
sankalp_thakur_007,59,15000,3,254.2,99,BOT,follows 254x more than follow it back
sariyo9k,9,2323,0,258.1,99,BOT,follows 258x more than follow it back
sash.vini,0,15,0,999.0,99,BOT,follows 999x more than follow it back
seemajosi8888,32,7958,0,248.7,99,BOT,follows 249x more than follow it back
sheep.181167,2,470,0,235.0,99,BOT,follows 235x more than follow it back
sheep.3925719,65,19000,0,292.3,99,BOT,follows 292x more than follow it back
sheep.48741446,11,2161,0,196.5,99,BOT,follows 196x more than follow it back
sheep.60220609,13,2553,3,196.4,99,BOT,follows 196x more than follow it back
sheep.9755804,4,1792,1,448.0,99,BOT,follows 448x more than follow it back
sheep.9886781,83,33000,0,397.6,99,BOT,follows 398x more than follow it back
sher.u4195,16,4429,0,276.8,99,BOT,follows 277x more than follow it back
shiv100057,18,5048,1,280.4,99,BOT,follows 280x more than follow it back
shivajju90,27,7911,0,293.0,99,BOT,follows 293x more than follow it back
shivani_singh_4746,112,10000,0,89.3,99,BOT,follows 89x more than follow it back
shool9693,3,1041,0,347.0,99,BOT,follows 347x more than follow it back
shreya_gupta3338,155,11000,0,71.0,99,BOT,follows 71x more than follow it back
shubham.kumar_830,8,2534,24,316.8,99,BOT,follows 317x more than follow it back
shwz.d77,8,675,0,84.4,99,BOT,follows 84x more than follow it back
sivani_kumaryi,10,2744,0,274.4,99,BOT,follows 274x more than follow it back
sk_munda_000,16,10000,0,625.0,99,BOT,follows 625x more than follow it back
sonam_wanchuk_sir_06,25,8741,1,349.6,99,BOT,follows 350x more than follow it back
sonujaat00355,11,7787,0,707.9,99,BOT,follows 708x more than follow it back
sooor855,137,17000,0,124.1,99,BOT,follows 124x more than follow it back
southerboytub,22,14000,1,636.4,99,BOT,follows 636x more than follow it back
sprite76101,2,877,0,438.5,99,BOT,follows 438x more than follow it back
squirrel.31944590,0,751,0,999.0,99,BOT,follows 999x more than follow it back
squirrel.36513685,9,5263,1,584.8,99,BOT,follows 585x more than follow it back
squirrel.61757231,7,6019,0,859.9,99,BOT,follows 860x more than follow it back
squirrel.9462126,23,9579,0,416.5,99,BOT,follows 416x more than follow it back
srenitha.2031,29,13000,0,448.3,99,BOT,follows 448x more than follow it back
ssss41320,4,3971,0,992.8,99,BOT,follows 993x more than follow it back
sst60645,7,1037,0,148.1,99,BOT,follows 148x more than follow it back
stgking13,36,12000,2,333.3,99,BOT,follows 333x more than follow it back
su_mit6681,18,7728,0,429.3,99,BOT,follows 429x more than follow it back
sulruru317317,39,15000,2,384.6,99,BOT,follows 385x more than follow it back
suman._827,0,779,0,999.0,99,BOT,follows 999x more than follow it back
sumitgill6084,4,813,6,203.2,99,BOT,follows 203x more than follow it back
sumsung3667,9,1484,0,164.9,99,BOT,follows 165x more than follow it back
suniljaiswal___x,1,875,0,875.0,99,BOT,follows 875x more than follow it back
supp2125,2,1957,1,978.5,99,BOT,follows 978x more than follow it back
sur278815,10,3258,0,325.8,99,BOT,follows 326x more than follow it back
suraj1233329,14,5095,0,363.9,99,BOT,follows 364x more than follow it back
suraj7788c,22,8168,0,371.3,99,BOT,follows 371x more than follow it back
suraj959408,1,514,0,514.0,99,BOT,follows 514x more than follow it back
surajji25270,0,7166,0,999.0,99,BOT,follows 999x more than follow it back
surajku449,0,2895,1,999.0,99,BOT,follows 999x more than follow it back
sureldeb9852kumar,1,183,6,183.0,99,BOT,follows 183x more than follow it back
surii_bhadu,126,12000,10,95.2,99,BOT,follows 95x more than follow it back
suriya1232760,0,949,0,999.0,99,BOT,follows 999x more than follow it back
surya_raj_9999,56,22000,0,392.9,99,BOT,follows 393x more than follow it back
swan.7353201,14,5745,1,410.4,99,BOT,follows 410x more than follow it back
swan.75720115,12,6722,0,560.2,99,BOT,follows 560x more than follow it back
sweetppoottaattoo,2,1029,0,514.5,99,BOT,follows 514x more than follow it back
t5653eff68,25,6175,0,247.0,99,BOT,follows 247x more than follow it back
tabri.z0y93n321738,0,188,6,999.0,99,BOT,follows 999x more than follow it back
tahmina__laskar__98,15,4558,1,303.9,99,BOT,follows 304x more than follow it back
talvinder___fans,86,23000,1,267.4,99,BOT,follows 267x more than follow it back
tanish_seth123,12,3253,0,271.1,99,BOT,follows 271x more than follow it back
tarun33088,11,3148,0,286.2,99,BOT,follows 286x more than follow it back
tatatiag7onrg,0,187,6,999.0,99,BOT,follows 999x more than follow it back
tbi_oi,118,10000,1,84.7,99,BOT,follows 85x more than follow it back
thala928496,6,5784,0,964.0,99,BOT,follows 964x more than follow it back
the.next.level.l,18,5351,0,297.3,99,BOT,follows 297x more than follow it back
the_boy_5389,34,12000,0,352.9,99,BOT,follows 353x more than follow it back
the_shadow_2001,114,5888,0,51.6,99,BOT,follows 52x more than follow it back
theluv.sagar,1,1316,0,1316.0,99,BOT,follows 1316x more than follow it back
tiger.5342971,2,2218,0,1109.0,99,BOT,follows 1109x more than follow it back
tiger.6229984,13,2548,0,196.0,99,BOT,follows 196x more than follow it back
tiger003482,33,12000,0,363.6,99,BOT,follows 364x more than follow it back
timetoless____99,13,3680,0,283.1,99,BOT,follows 283x more than follow it back
tmr_logic,110,5565,0,50.6,99,BOT,follows 51x more than follow it back
topfolwer2,12,2750,0,229.2,99,BOT,follows 229x more than follow it back
trollfaceedit23,15,2844,1,189.6,99,BOT,follows 190x more than follow it back
tryhard_0990,12,4024,0,335.3,99,BOT,follows 335x more than follow it back
tuck__pasha259,32,2282,0,71.3,99,BOT,follows 71x more than follow it back
tur.tle1106,5,3101,0,620.2,99,BOT,follows 620x more than follow it back
turtle.52138103,0,12000,10,999.0,99,BOT,follows 999x more than follow it back
turtle.6988363,9,1811,0,201.2,99,BOT,follows 201x more than follow it back
turtle.731979,126,12000,1,95.2,99,BOT,follows 95x more than follow it back
turtle.83247041,6,4919,0,819.8,99,BOT,follows 820x more than follow it back
turtle.83706032,3,1638,0,546.0,99,BOT,follows 546x more than follow it back
uhbh890,10,5161,3,516.1,99,BOT,follows 516x more than follow it back
ulti.ginti.04,6,883,0,147.2,99,BOT,follows 147x more than follow it back
un_44422,6,1947,1,324.5,99,BOT,follows 324x more than follow it back
unicorn.278391,6,810,0,135.0,99,BOT,follows 135x more than follow it back
unicorn.2792625,28,11000,0,392.9,99,BOT,follows 393x more than follow it back
unicorn.35768872,1,1402,1,1402.0,99,BOT,follows 1402x more than follow it back
unicorn.92369132,8,5998,0,749.8,99,BOT,follows 750x more than follow it back
urduline786786,19,2411,0,126.9,99,BOT,follows 127x more than follow it back
user_name445566,4,1275,0,318.8,99,BOT,follows 319x more than follow it back
usha756656,8,1343,0,167.9,99,BOT,follows 168x more than follow it back
vaisssnnn,10,1235,0,123.5,99,BOT,follows 124x more than follow it back
vala_sanjana_707,16,5160,0,322.5,99,BOT,follows 322x more than follow it back
vashantbha.i,4,1017,0,254.2,99,BOT,follows 254x more than follow it back
vickey92110,13,4641,1,357.0,99,BOT,follows 357x more than follow it back
vijay70741,0,5849,0,999.0,99,BOT,follows 999x more than follow it back
viratkoli678911,7,1420,0,202.9,99,BOT,follows 203x more than follow it back
visha_l124523,192,13000,0,67.7,99,BOT,follows 68x more than follow it back
visha_lk2008,1,1997,2,1997.0,99,BOT,follows 1997x more than follow it back
vishal554480,2,2019,0,1009.5,99,BOT,follows 1010x more than follow it back
vishal___army2007,67,21000,0,313.4,99,BOT,follows 313x more than follow it back
vishal___piya909,7,355,0,50.7,99,BOT,follows 51x more than follow it back
vishanu_rawat_king,32,4979,0,155.6,99,BOT,follows 156x more than follow it back
vivak_chorasiya,3,2516,0,838.7,99,BOT,follows 839x more than follow it back
vjgxgjfddgjff,6,1405,0,234.2,99,BOT,follows 234x more than follow it back
vrinda39022,7,2639,0,377.0,99,BOT,follows 377x more than follow it back
vvvbbb012,18,8749,0,486.1,99,BOT,follows 486x more than follow it back
waheeed_18,7,1864,1,266.3,99,BOT,follows 266x more than follow it back
whose_diva80,0,1117,0,999.0,99,BOT,follows 999x more than follow it back
wolf1_5383,14,9003,0,643.1,99,BOT,follows 643x more than follow it back
wolf8.988,0,952,0,999.0,99,BOT,follows 999x more than follow it back
wolflaw.3,35,12000,0,342.9,99,BOT,follows 343x more than follow it back
x104ssavrabh,1,188,6,188.0,99,BOT,follows 188x more than follow it back
x____ajay___verma____00,7,8239,3,1177.0,99,BOT,follows 1177x more than follow it back
x__akash_._s_,10,7025,0,702.5,99,BOT,follows 702x more than follow it back
xx__rx__prashant__handikera__x,22,1777,0,80.8,99,BOT,follows 81x more than follow it back
y.__.ra78,62,7689,7,124.0,99,BOT,follows 124x more than follow it back
yash__55555__,10,5207,0,520.7,99,BOT,follows 521x more than follow it back
yashlodu123,3,616,0,205.3,99,BOT,follows 205x more than follow it back
yayaya212._,5,923,0,184.6,99,BOT,follows 185x more than follow it back
yesbro9119,9,3724,3,413.8,99,BOT,follows 414x more than follow it back
you.andme.oneday,22,2550,1,115.9,99,BOT,follows 116x more than follow it back
you_love_my_land,2,1850,0,925.0,99,BOT,follows 925x more than follow it back
yourboosterrr,13,1850,0,142.3,99,BOT,follows 142x more than follow it back
yuvraj_gaming87,30,6725,16,224.2,99,BOT,follows 224x more than follow it back
zebr.a503976,1,1110,0,1110.0,99,BOT,follows 1110x more than follow it back
zebra.2995079,2,1057,0,528.5,99,BOT,follows 528x more than follow it back
zebra.34145567,5,2013,0,402.6,99,BOT,follows 403x more than follow it back
zebra.52248790,24,11000,6,458.3,99,BOT,follows 458x more than follow it back
zebra.5419437,6,1029,0,171.5,99,BOT,follows 172x more than follow it back
zebra.6403232,35,11000,1,314.3,99,BOT,follows 314x more than follow it back
zidane65315,17,8647,0,508.6,99,BOT,follows 509x more than follow it back
ziddigirl111188,8,1019,0,127.4,99,BOT,follows 127x more than follow it back
zkh__43,22,10000,0,454.5,99,BOT,follows 455x more than follow it back
zmmmtx,0,11000,0,999.0,99,BOT,follows 999x more than follow it back
zoro.the.pitbull,54,5292,116,98.0,99,BOT,follows 98x more than follow it back
zoya.786662026,8,1867,1,233.4,99,BOT,follows 233x more than follow it back
zuk__loft,21,8617,2,410.3,99,BOT,follows 410x more than follow it back
zyorayt,7,954,8,136.3,99,BOT,follows 136x more than follow it back
102030ns_,221,11000,0,49.8,95,BOT,"ratio 50x, only 0 posts"
25.410732,23,911,12,39.6,95,BOT,"ratio 40x, only 12 posts"
774r5,385,13000,0,33.8,95,BOT,"ratio 34x, only 0 posts"
_.rahul_.acharya_.07,16,412,1,25.8,95,BOT,"ratio 26x, only 1 posts"
__aasif_khan_0010,120,5262,0,43.9,95,BOT,"ratio 44x, only 0 posts"
__thakurainnn__916,107,3683,0,34.4,95,BOT,"ratio 34x, only 0 posts"
_riya_.raj_63,41,1578,0,38.5,95,BOT,"ratio 38x, only 0 posts"
_singh_jii_1st,316,14000,0,44.3,95,BOT,"ratio 44x, only 0 posts"
a__m__a__r__a__kumar,548,22000,4,40.1,95,BOT,"ratio 40x, only 4 posts"
aditiya.tewatia,109,3081,0,28.3,95,BOT,"ratio 28x, only 0 posts"
aliiisahiil,742,14000,1,18.9,95,BOT,"ratio 19x, only 1 posts"
aman__shah__000786,248,8346,0,33.7,95,BOT,"ratio 34x, only 0 posts"
anilkardile26,377,12000,0,31.8,95,BOT,"ratio 32x, only 0 posts"
anisanis201062,51,2222,5,43.6,95,BOT,"ratio 44x, only 5 posts"
ankushraja123139,493,7506,0,15.2,95,BOT,"ratio 15x, only 0 posts"
arif_sameja_at,99,1812,0,18.3,95,BOT,"ratio 18x, only 0 posts"
arishfa_khan________9,55,1523,2,27.7,95,BOT,"ratio 28x, only 2 posts"
aryh9903,94,3445,0,36.6,95,BOT,"ratio 37x, only 0 posts"
ashutosh_nath4,126,3747,16,29.7,95,BOT,"ratio 30x, only 16 posts"
basuking1041,495,13000,3,26.3,95,BOT,"ratio 26x, only 3 posts"
bat.8010590,169,5525,0,32.7,95,BOT,"ratio 33x, only 0 posts"
batman03146,133,1624,0,12.2,95,BOT,"no posts, follows 1624"
bear.68137091,106,4653,0,43.9,95,BOT,"ratio 44x, only 0 posts"
call_me._king._,223,3429,0,15.4,95,BOT,"ratio 15x, only 0 posts"
call_me_mantle_0111,1404,4274,0,3.0,95,BOT,"no posts, follows 4274"
chameleon.4477908,153,6748,0,44.1,95,BOT,"ratio 44x, only 0 posts"
chameleon.55692553,145,6934,0,47.8,95,BOT,"ratio 48x, only 0 posts"
chipmunk.56638722,153,3574,0,23.4,95,BOT,"ratio 23x, only 0 posts"
cute.__boy__003,22,1030,2,46.8,95,BOT,"ratio 47x, only 2 posts"
cute_don___70,493,7364,0,14.9,95,BOT,"no posts, follows 7364"
cute_girl098764321,95,1354,0,14.3,95,BOT,"no posts, follows 1354"
dabba_1717,108,4760,0,44.1,95,BOT,"ratio 44x, only 0 posts"
dada8080vishal,501,12000,0,24.0,95,BOT,"ratio 24x, only 0 posts"
dangers_lovely_girl,1332,39000,6,29.3,95,BOT,"ratio 29x, only 6 posts"
daxesh2979,367,5824,2,15.9,95,BOT,"ratio 16x, only 2 posts"
deepak257235,160,6724,0,42.0,95,BOT,"ratio 42x, only 0 posts"
deepanshu.jatav.9719,189,7962,0,42.1,95,BOT,"ratio 42x, only 0 posts"
deer.50873791,433,4164,0,9.6,95,BOT,"no posts, follows 4164"
dev_bharwad__0009,1346,8258,0,6.1,95,BOT,"no posts, follows 8258"
djdjddjwuru383,94,1566,0,16.7,95,BOT,"ratio 17x, only 0 posts"
dk_ni_diwani_2308,128,2027,0,15.8,95,BOT,"ratio 16x, only 0 posts"
dragon.6736288,389,6700,0,17.2,95,BOT,"ratio 17x, only 0 posts"
fanny_loyal_005,167,3483,0,20.9,95,BOT,"ratio 21x, only 0 posts"
fardeen_shaikh_17,1342,14000,0,10.4,95,BOT,"no posts, follows 14000"
fk9104745,102,4701,0,46.1,95,BOT,"ratio 46x, only 0 posts"
gal.inamihailova,10,391,0,39.1,95,BOT,"ratio 39x, only 0 posts"
giraffe.1380740,2400,11000,0,4.6,95,BOT,"no posts, follows 11000"
gitarhero_69,326,3907,0,12.0,95,BOT,"no posts, follows 3907"
goat.5832338,107,3008,0,28.1,95,BOT,"ratio 28x, only 0 posts"
goat.6140878,317,14000,0,44.2,95,BOT,"ratio 44x, only 0 posts"
goose4i448488ei,384,13000,0,33.9,95,BOT,"ratio 34x, only 0 posts"
greenlove129,385,5799,1,15.1,95,BOT,"ratio 15x, only 1 posts"
gudda_ppa12345,107,4260,0,39.8,95,BOT,"ratio 40x, only 0 posts"
ha_2_584,60,2133,0,35.5,95,BOT,"ratio 36x, only 0 posts"
hdksbsekoj,909,4769,0,5.2,95,BOT,"no posts, follows 4769"
hhsisbjevw,80,3475,0,43.4,95,BOT,"ratio 43x, only 0 posts"
im__shubham__302d,1331,26000,5,19.5,95,BOT,"ratio 20x, only 5 posts"
im_jashan_x01,117,1367,0,11.7,95,BOT,"no posts, follows 1367"
its_______sufiyan___,179,3003,2,16.8,95,BOT,"ratio 17x, only 2 posts"
its_aafreen_bano_7,230,7976,14,34.7,95,BOT,"ratio 35x, only 14 posts"
its_panwar90,97,1018,0,10.5,95,BOT,"no posts, follows 1018"
itz_navneet093,76,1137,0,15.0,95,BOT,"no posts, follows 1137"
itz_zainab._.90,5,208,0,41.6,95,BOT,"ratio 42x, only 0 posts"
jaat1908124,360,4488,0,12.5,95,BOT,"no posts, follows 4488"
jaatt6667,201,3785,1,18.8,95,BOT,"ratio 19x, only 1 posts"
jannuu7447,64,1201,0,18.8,95,BOT,"ratio 19x, only 0 posts"
kajal_3000000_up67,21,866,3,41.2,95,BOT,"ratio 41x, only 3 posts"
kanpur5177,87,1979,6,22.7,95,BOT,"ratio 23x, only 6 posts"
king.__o__7172,209,7468,0,35.7,95,BOT,"ratio 36x, only 0 posts"
kirrakk_boyzz_2,66,1469,4,22.3,95,BOT,"ratio 22x, only 4 posts"
knox_079,838,11000,0,13.1,95,BOT,"no posts, follows 11000"
koala.66629105,460,3641,0,7.9,95,BOT,"no posts, follows 3641"
koala.7724031,102,4768,0,46.7,95,BOT,"ratio 47x, only 0 posts"
kuka9.876,398,9830,0,24.7,95,BOT,"ratio 25x, only 0 posts"
kushdill2026,131,6482,1,49.5,95,BOT,"ratio 49x, only 1 posts"
lara.sofiaa010,129,3178,0,24.6,95,BOT,"ratio 25x, only 0 posts"
leheen_645,116,3927,0,33.9,95,BOT,"ratio 34x, only 0 posts"
lion.5363036,801,8470,0,10.6,95,BOT,"no posts, follows 8470"
llama.9533603,92,3914,0,42.5,95,BOT,"ratio 43x, only 0 posts"
llama2501756,205,7753,0,37.8,95,BOT,"ratio 38x, only 0 posts"
love_34.2,521,6789,0,13.0,95,BOT,"no posts, follows 6789"
loveja198,385,5814,0,15.1,95,BOT,"ratio 15x, only 0 posts"
m_4x_gunda,628,2060,0,3.3,95,BOT,"no posts, follows 2060"
maahi5162023,144,2998,1,20.8,95,BOT,"ratio 21x, only 1 posts"
mahadev_girl12340,52,1446,1,27.8,95,BOT,"ratio 28x, only 1 posts"
maho_4555,78,3459,0,44.3,95,BOT,"ratio 44x, only 0 posts"
md1119545,279,6476,1,23.2,95,BOT,"ratio 23x, only 1 posts"
mdvais7866,6,222,5,37.0,95,BOT,"ratio 37x, only 5 posts"
minouch19_88,202,9106,9,45.1,95,BOT,"ratio 45x, only 9 posts"
miss____ritika__08,312,2741,0,8.8,95,BOT,"no posts, follows 2741"
miss_janvi_921,220,6107,0,27.8,95,BOT,"ratio 28x, only 0 posts"
miss_priyadubeyyy,172,4143,0,24.1,95,BOT,"ratio 24x, only 0 posts"
mmm7.8600,394,11000,1,27.9,95,BOT,"ratio 28x, only 1 posts"
mohit_sing_445,97,4054,0,41.8,95,BOT,"ratio 42x, only 0 posts"
moose.6415529,188,1272,0,6.8,95,BOT,"no posts, follows 1272"
mr__anuj__saini__gorakhpuriya,74,2554,7,34.5,95,BOT,"ratio 35x, only 7 posts"
mr_kewat_000,249,2572,0,10.3,95,BOT,"no posts, follows 2572"
mr_maroof_23,94,3820,0,40.6,95,BOT,"ratio 41x, only 0 posts"
mun26508,87,3727,0,42.8,95,BOT,"ratio 43x, only 0 posts"
murl.i2893,65,3093,0,47.6,95,BOT,"ratio 48x, only 0 posts"
mushkan_thakur2252_,239,7276,0,30.4,95,BOT,"ratio 30x, only 0 posts"
nikku_2005_xx,37,895,0,24.2,95,BOT,"ratio 24x, only 0 posts"
nnnnn.nn4400,123,3354,0,27.3,95,BOT,"ratio 27x, only 0 posts"
noora.tamer_4,6,156,1,26.0,95,BOT,"ratio 26x, only 1 posts"
ns_kid_omiii160_,20,616,0,30.8,95,BOT,"ratio 31x, only 0 posts"
nundu302,200,9360,2,46.8,95,BOT,"ratio 47x, only 2 posts"
offi_cialkaran077,479,9193,0,19.2,95,BOT,"ratio 19x, only 0 posts"
op_smiley_99,110,1383,0,12.6,95,BOT,"no posts, follows 1383"
otter.4615779,6,230,0,38.3,95,BOT,"ratio 38x, only 0 posts"
otter.9478195,798,5335,0,6.7,95,BOT,"no posts, follows 5335"
pand.a306406,900,12000,0,13.3,95,BOT,"no posts, follows 12000"
patel125226,313,5994,0,19.2,95,BOT,"ratio 19x, only 0 posts"
penguin.895518,345,9726,0,28.2,95,BOT,"ratio 28x, only 0 posts"
poojapatil_376,273,12000,5,44.0,95,BOT,"ratio 44x, only 5 posts"
prince_god_7_,570,11000,6,19.3,95,BOT,"ratio 19x, only 6 posts"
prisca_miss02,177,4346,1,24.6,95,BOT,"ratio 25x, only 1 posts"
priya.singh12103,330,15000,0,45.5,95,BOT,"ratio 45x, only 0 posts"
prokie_gits,153,3049,0,19.9,95,BOT,"ratio 20x, only 0 posts"
qqqq.qqqq9379,95,3328,0,35.0,95,BOT,"ratio 35x, only 0 posts"
queentiwari51107,426,9486,0,22.3,95,BOT,"ratio 22x, only 0 posts"
rabbit94100,191,1830,0,9.6,95,BOT,"no posts, follows 1830"
raghuvir9578,400,4571,0,11.4,95,BOT,"no posts, follows 4571"
rajajani2366,252,8832,0,35.0,95,BOT,"ratio 35x, only 0 posts"
rashm_i3737,102,1220,0,12.0,95,BOT,"no posts, follows 1220"
ravi.sh8739,447,3971,0,8.9,95,BOT,"no posts, follows 3971"
ravi_mahato.203_,248,2221,0,9.0,95,BOT,"no posts, follows 2221"
ravikumar55562026,170,2806,1,16.5,95,BOT,"ratio 17x, only 1 posts"
ray_an.belhout,254,5545,0,21.8,95,BOT,"ratio 22x, only 0 posts"
reinde586,752,2388,0,3.2,95,BOT,"no posts, follows 2388"
rhino.7585357,396,4851,0,12.2,95,BOT,"no posts, follows 4851"
riha_nkhan6905,177,5677,0,32.1,95,BOT,"ratio 32x, only 0 posts"
rikshawala_vishya_8889,86,2118,16,24.6,95,BOT,"ratio 25x, only 16 posts"
riya_______888895,42,1588,11,37.8,95,BOT,"ratio 38x, only 11 posts"
rkbishnoi544,759,11000,0,14.5,95,BOT,"no posts, follows 11000"
rohitsharma.45452026,716,13000,0,18.2,95,BOT,"ratio 18x, only 0 posts"
roki54098,436,16000,0,36.7,95,BOT,"ratio 37x, only 0 posts"
rrrrrrrr01183,86,2012,0,23.4,95,BOT,"ratio 23x, only 0 posts"
sachin_kosre_001,253,7078,10,28.0,95,BOT,"ratio 28x, only 10 posts"
saddusajid1234,18,800,0,44.4,95,BOT,"ratio 44x, only 0 posts"
saini__boy__0.02,30,568,0,18.9,95,BOT,"ratio 19x, only 0 posts"
sararti__boy_143,184,3898,0,21.2,95,BOT,"ratio 21x, only 0 posts"
seema347437,225,3124,0,13.9,95,BOT,"no posts, follows 3124"
sexy54364,79,1838,0,23.3,95,BOT,"ratio 23x, only 0 posts"
shivaagi___0162,744,16000,0,21.5,95,BOT,"ratio 22x, only 0 posts"
sidhuz._.34,1013,5058,0,5.0,95,BOT,"no posts, follows 5058"
simozabo25,329,1634,0,5.0,95,BOT,"no posts, follows 1634"
singhvansh110,43,2139,0,49.7,95,BOT,"ratio 50x, only 0 posts"
siple_ramya,98,2961,0,30.2,95,BOT,"ratio 30x, only 0 posts"
skp_kannadiga,65,986,10,15.2,95,BOT,"ratio 15x, only 10 posts"
snehagedam7,99,2954,0,29.8,95,BOT,"ratio 30x, only 0 posts"
sofi.ii237,81,1639,2,20.2,95,BOT,"ratio 20x, only 2 posts"
stevenn012345,114,4236,0,37.2,95,BOT,"ratio 37x, only 0 posts"
stranger___0770,41,1649,0,40.2,95,BOT,"ratio 40x, only 0 posts"
sula__mwn,79,2227,0,28.2,95,BOT,"ratio 28x, only 0 posts"
sultan23749,101,4574,0,45.3,95,BOT,"ratio 45x, only 0 posts"
sunil12341737,168,1563,0,9.3,95,BOT,"no posts, follows 1563"
tanya_singh_244678,341,2950,0,8.7,95,BOT,"no posts, follows 2950"
tarai_yadav,24,1005,0,41.9,95,BOT,"ratio 42x, only 0 posts"
thakurain_00777,29,1171,0,40.4,95,BOT,"ratio 40x, only 0 posts"
ub_789__,114,1365,0,12.0,95,BOT,"no posts, follows 1365"
unicorn.24404017,803,4624,0,5.8,95,BOT,"no posts, follows 4624"
unicorn.4076601,90,3122,0,34.7,95,BOT,"ratio 35x, only 0 posts"
urr_nurr_111,48,2381,0,49.6,95,BOT,"ratio 50x, only 0 posts"
v_vip_king_001,22,602,1,27.4,95,BOT,"ratio 27x, only 1 posts"
vikramkumar55646,114,4476,3,39.3,95,BOT,"ratio 39x, only 3 posts"
why_.panther,45,1937,1,43.0,95,BOT,"ratio 43x, only 1 posts"
woods_8756,80,2618,0,32.7,95,BOT,"ratio 33x, only 0 posts"
x_rahul_tp,691,12000,0,17.4,95,BOT,"ratio 17x, only 0 posts"
yuvrajsingh9704,99,4713,0,47.6,95,BOT,"ratio 48x, only 0 posts"
zahidfar24,84,1635,0,19.5,95,BOT,"ratio 19x, only 0 posts"
zaidkhan0739,399,1852,0,4.6,95,BOT,"no posts, follows 1852"
zebra.3501623,711,13000,0,18.3,95,BOT,"ratio 18x, only 0 posts"
zebra.3683945,90,2645,1,29.4,95,BOT,"ratio 29x, only 1 posts"
zeet.1313,200,1047,0,5.2,95,BOT,"no posts, follows 1047"
zritspudoyzos6,49,1772,2,36.2,95,BOT,"ratio 36x, only 2 posts"
fre.efirepagalm10t,73,783,0,10.7,7,BOT,"0 posts, ratio 11x, 73 followers"
iman_lyahyaoui,79,880,0,11.1,7,BOT,"0 posts, ratio 11x, 79 followers"
nandini596370,36,529,0,14.7,7,BOT,"0 posts, ratio 15x, 36 followers"
ziana_897,165,2128,1,12.9,6,BOT,"1 posts, ratio 13x, follows 2128"
ft_priya__2,95,580,0,6.1,5,BOT,"0 posts, ratio 6.1x, 95 followers"
irfan_boss_307,150,1760,1,11.7,5,BOT,"1 posts, ratio 12x"
itz.bad_boy_7310,117,1633,1,14.0,5,BOT,"1 posts, ratio 14x"
itz_priya.nshi,738,7869,48,10.7,5,BOT,"ratio 11x, follows 7869"
kajal456426,645,7855,5,12.2,5,BOT,"ratio 12x, follows 7855"
kanha_game1,788,10000,5,12.7,5,BOT,"ratio 13x, follows 10000"
narottam__09,1000,5908,2,5.9,5,BOT,"2 posts, ratio 5.9x, follows 5908"
onlyfaham,1221,18000,19,14.7,5,BOT,"ratio 15x, follows 18000"
cute__angelic__girl,305,14000,34,45.9,90,SUSPICIOUS,ratio 46x but posts 34 times
lyrics__ediv,180,3892,100,21.6,90,SUSPICIOUS,ratio 22x but posts 100 times
pankajkushwahaji__,550,11000,45,20.0,90,SUSPICIOUS,ratio 20x but posts 45 times
sahilsalmani5319,321,8781,220,27.4,90,SUSPICIOUS,ratio 27x but posts 220 times
social_short_,95,1734,124,18.3,90,SUSPICIOUS,ratio 18x but posts 124 times
thisisdebojit,133,2968,31,22.3,90,SUSPICIOUS,ratio 22x but posts 31 times
_______pushpa_______47____,252,2386,2,9.5,4,SUSPICIOUS,"2 posts, ratio 9.5x, follows 2386"
ankit9x702,160,848,0,5.3,4,SUSPICIOUS,"0 posts, ratio 5.3x"
itxfarzanqurishi,336,4800,3,14.3,4,SUSPICIOUS,"ratio 14x, follows 4800"
johnmark_kims,3734,5013,0,1.3,4,SUSPICIOUS,"0 posts, follows 5013, real audience"
king_devil__501,475,2518,2,5.3,4,SUSPICIOUS,"2 posts, ratio 5.3x, follows 2518"
rajkumarpasvan298,373,4430,18,11.9,4,SUSPICIOUS,"ratio 12x, follows 4430"
rehan.sheikh_007,351,4773,32,13.6,4,SUSPICIOUS,"ratio 14x, follows 4773"
vaibhavgupta_awaz,144,2042,4,14.2,4,SUSPICIOUS,"ratio 14x, follows 2042"
wolf.08123,128,677,0,5.3,4,SUSPICIOUS,"0 posts, ratio 5.3x"
_hr_10_rider_,155,1572,6,10.1,3,SUSPICIOUS,ratio 10x
abhi_g4658,1231,11000,10,8.9,3,SUSPICIOUS,"ratio 8.9x, follows 11000"
horse.8587417,196,470,0,2.4,3,SUSPICIOUS,0 posts
itz_s_l_r_1000,947,7830,24,8.3,3,SUSPICIOUS,"ratio 8.3x, follows 7830"
kalpana._187,372,951,0,2.6,3,SUSPICIOUS,0 posts
king_of_narendra_rawat,773,5054,38,6.5,3,SUSPICIOUS,"ratio 6.5x, follows 5054"
m0hamad.nosrati4,213,1464,1,6.9,3,SUSPICIOUS,"1 posts, ratio 6.9x"
panda.5235140,388,1013,0,2.6,3,SUSPICIOUS,0 posts
piyush__22_,36,134,2,3.7,3,SUSPICIOUS,"2 posts, 36 followers"
pramodkumar1223,147,1370,1,9.3,3,SUSPICIOUS,"1 posts, ratio 9.3x"
roy_0003_,466,870,0,1.9,3,SUSPICIOUS,0 posts
sarthak.4416,547,5363,104,9.8,3,SUSPICIOUS,"ratio 9.8x, follows 5363"
shresthab_,423,431,0,1.0,3,SUSPICIOUS,0 posts
songs.1920,614,5574,3,9.1,3,SUSPICIOUS,"ratio 9.1x, follows 5574"
wiiwnwsj,162,578,0,3.6,3,SUSPICIOUS,0 posts
zi.yuork,163,854,1,5.2,3,SUSPICIOUS,"1 posts, ratio 5.2x"
_anshu__pardhan__,549,571,0,1.0,2,SUSPICIOUS,"0 posts, real audience, nothing posted"
rihan____07__,511,1408,0,2.8,2,SUSPICIOUS,"0 posts, real audience, nothing posted"
paco.hariz,7013,4892,0,0.7,1,SUSPICIOUS,"0 posts, follows 4892, healthy ratio"
verma_a.a_sc,2880,2761,0,1.0,1,SUSPICIOUS,"0 posts, follows 2761, healthy ratio"
13_22_ekam_pb32,378,3246,27,8.6,2,REAL,"ratio 8.6x, follows 3246"
_tanaya_5620,421,606,1,1.4,2,REAL,1 posts
aayush_dangi_0011,172,745,2,4.3,2,REAL,2 posts
aic.creatorshub,8,1,2,0.1,2,REAL,"2 posts, only 8 followers, healthy ratio"
ak_alok__lhardoi__0001,700,4126,13,5.9,2,REAL,"ratio 5.9x, follows 4126"
amirok256,942,3425,1,3.6,2,REAL,"1 posts, follows 3425, real audience"
ensaionomuseudoipiranga,465,2788,51,6.0,2,REAL,"ratio 6.0x, follows 2788"
gadariya_315_shooter,325,2135,87,6.6,2,REAL,"ratio 6.6x, follows 2135"
kampritech_official,4,17,5,4.2,2,REAL,only 4 followers
krish62909,178,223,1,1.3,2,REAL,1 posts
shreekhetlajilive,247,604,2,2.4,2,REAL,2 posts
sizan3733,253,617,2,2.4,2,REAL,2 posts
5601_kishan_shukla,162,1126,23,7.0,1,REAL,ratio 7.0x
_sarbani.__,53,56,6,1.1,1,REAL,53 followers
farman_ali353,152,875,28,5.8,1,REAL,ratio 5.8x
gourav_sharma_75337,8019,9192,7,1.1,1,REAL,"follows 9192, real audience"
igayan54321,148,1045,5,7.1,1,REAL,ratio 7.1x
im__amrit__009,120,1129,3,9.4,1,REAL,ratio 9.4x
kk_badmasa_baba_,181,1217,24,6.7,1,REAL,ratio 6.7x
krityjaiswalsaha,112,941,30,8.4,1,REAL,ratio 8.4x
m___k___taigr,748,1930,1,2.6,1,REAL,"1 posts, real audience"
navdeepsingh5911_,319,1621,6,5.1,1,REAL,ratio 5.1x
primox_faixo,163,1232,26,7.6,1,REAL,ratio 7.6x
ray.abakash,87,114,7,1.3,1,REAL,87 followers
sobbie07,270,1827,116,6.8,1,REAL,ratio 6.8x
vishal_thakur_6565,2189,5860,7,2.7,1,REAL,"follows 5860, real audience"
_nabalik143,525,2120,4,4.0,0,REAL,"follows 2120, real audience"
badd_boy210,268,706,4,2.6,0,REAL,normal profile
faizan_07_jaan,827,2850,7,3.4,0,REAL,"follows 2850, real audience"
its_aman__yadavanshi_92,1144,3286,7,2.9,0,REAL,"follows 3286, real audience"
kingofnarpatganj,387,1623,7,4.2,0,REAL,normal profile
kishor_prajapat3455,348,965,7,2.8,0,REAL,normal profile
pathan__boy__faraz,193,412,5,2.1,0,REAL,normal profile
ajay_riya_mp.30,1874,7703,62,4.1,-1,REAL,"follows 7703, 62 posts (active), real audience"
iguana.8882732,2011,5804,44,2.9,-1,REAL,"follows 5804, 44 posts (active), real audience"
maurya0271,2818,6650,246,2.4,-1,REAL,"follows 6650, 246 posts (active), real audience"
old_punjab_reel,1208,5855,10,4.8,-1,REAL,"follows 5855, 10 posts (active), real audience"
raza__11k,5109,10000,25,2.0,-1,REAL,"follows 10000, 25 posts (active), real audience"
rishavitsme,91,123,12,1.4,-1,REAL,"91 followers, 12 posts (active)"
royal_sharansh_007,2503,8144,12,3.3,-1,REAL,"follows 8144, 12 posts (active), real audience"
sanjayekumari,1885,5702,37,3.0,-1,REAL,"follows 5702, 37 posts (active), real audience"
callmechakraborty,179,381,30,2.1,-2,REAL,30 posts (active)
dipesh___bhau,2076,2307,91,1.1,-2,REAL,"follows 2307, 91 posts (active), real audience"
jitendra_rajput_6969,723,2118,252,2.9,-2,REAL,"follows 2118, 252 posts (active), real audience"
kumar__king_1s,742,3508,101,4.7,-2,REAL,"follows 3508, 101 posts (active), real audience"
mr__barun__cool,1109,3217,67,2.9,-2,REAL,"follows 3217, 67 posts (active), real audience"
otter.1554054,458,1160,12,2.5,-2,REAL,12 posts (active)
reel_dekho_1245,1471,3359,22,2.3,-2,REAL,"follows 3359, 22 posts (active), real audience"
shagun2004,1207,3254,449,2.7,-2,REAL,"follows 3254, 449 posts (active), real audience"
sunilstaylishboy,399,972,41,2.4,-2,REAL,41 posts (active)
the_anuva_nexus,220,28,7,0.1,-2,REAL,healthy ratio
whsur.gyan,101,42,6,0.4,-2,REAL,healthy ratio
wyji2024,411,1509,79,3.7,-2,REAL,79 posts (active)
jivan_khandare_1,1194,1295,14,1.1,-3,REAL,"14 posts (active), real audience"
mahendera_singh_rajput_302,1406,1690,305,1.2,-3,REAL,"305 posts (active), real audience"
sohil_khan_sisodiya_0008,1181,831,4,0.7,-3,REAL,"healthy ratio, real audience"
ivyen.ne,239,100,53,0.4,-4,REAL,"53 posts (active), healthy ratio"
manish_goswami_up40,5060,2657,10,0.5,-4,REAL,"follows 2657, 10 posts (active), healthy ratio"
sreetama_maji,471,159,54,0.3,-4,REAL,"54 posts (active), healthy ratio"
blvck_spike_19x,1854,1424,22,0.8,-5,REAL,"22 posts (active), healthy ratio, real audience"
lovexstargirl,5608,53,537,0.0,-5,REAL,"537 posts (active), healthy ratio, real audience"
mahamyaaa,653,448,14,0.7,-5,REAL,"14 posts (active), healthy ratio, real audience"
nitin1gupta,630,568,34,0.9,-5,REAL,"34 posts (active), healthy ratio, real audience"
pijush_22_,2321,361,17,0.2,-5,REAL,"17 posts (active), healthy ratio, real audience"
yours._.shuu,2694,350,69,0.1,-5,REAL,"69 posts (active), healthy ratio, real audience"
aliya098080,,,,,,UNAVAILABLE,Profile deleted / private / unreachable
amit827651,,,,,,UNAVAILABLE,Profile deleted / private / unreachable
